                   0           4.9332e-20
                  10          4.94112e-20
                  20          4.94906e-20
                  30          4.95702e-20
                  40          4.96501e-20
                  50          4.97302e-20
                  60          4.98105e-20
                  70           4.9891e-20
                  80          4.99718e-20
                  90          5.00528e-20
                 100          5.01341e-20
                 110          5.02156e-20
                 120          5.02973e-20
                 130          5.03792e-20
                 140          5.04614e-20
                 150          5.05439e-20
                 160          5.06265e-20
                 170          5.07094e-20
                 180          5.07926e-20
                 190           5.0876e-20
                 200          5.09596e-20
                 210          5.10435e-20
                 220          5.11277e-20
                 230          5.12121e-20
                 240          5.12967e-20
                 250          5.13816e-20
                 260          5.14667e-20
                 270          5.15521e-20
                 280          5.16378e-20
                 290          5.17237e-20
                 300          5.18098e-20
                 310          5.18963e-20
                 320          5.19829e-20
                 330          5.20699e-20
                 340          5.21571e-20
                 350          5.22445e-20
                 360          5.23323e-20
                 370          5.24203e-20
                 380          5.25085e-20
                 390          5.25971e-20
                 400          5.26859e-20
                 410          5.27749e-20
                 420          5.28643e-20
                 430          5.29539e-20
                 440          5.30438e-20
                 450           5.3134e-20
                 460          5.32244e-20
                 470          5.33151e-20
                 480          5.34062e-20
                 490          5.34975e-20
                 500           5.3589e-20
                 510          5.36809e-20
                 520           5.3773e-20
                 530          5.38655e-20
                 540          5.39582e-20
                 550          5.40512e-20
                 560          5.41445e-20
                 570          5.42381e-20
                 580           5.4332e-20
                 590          5.44262e-20
                 600          5.45207e-20
                 610          5.46155e-20
                 620          5.47106e-20
                 630           5.4806e-20
                 640          5.49017e-20
                 650          5.49977e-20
                 660           5.5094e-20
                 670          5.51906e-20
                 680          5.52876e-20
                 690          5.53848e-20
                 700          5.54824e-20
                 710          5.55803e-20
                 720          5.56785e-20
                 730           5.5777e-20
                 740          5.58758e-20
                 750           5.5975e-20
                 760          5.60745e-20
                 770          5.61743e-20
                 780          5.62745e-20
                 790          5.63749e-20
                 800          5.64757e-20
                 810          5.65769e-20
                 820          5.66783e-20
                 830          5.67802e-20
                 840          5.68823e-20
                 850          5.69848e-20
                 860          5.70876e-20
                 870          5.71908e-20
                 880          5.72943e-20
                 890          5.73982e-20
                 900          5.75025e-20
                 910           5.7607e-20
                 920           5.7712e-20
                 930          5.78173e-20
                 940          5.79229e-20
                 950          5.80289e-20
                 960          5.81353e-20
                 970           5.8242e-20
                 980          5.83491e-20
                 990          5.84566e-20
                1000          5.85645e-20
                1010          5.86727e-20
                1020          5.87813e-20
                1030          5.88902e-20
                1040          5.89996e-20
                1050          5.91093e-20
                1060          5.92194e-20
                1070            5.933e-20
                1080          5.94408e-20
                1090          5.95521e-20
                1100          5.96638e-20
                1110          5.97759e-20
                1120          5.98884e-20
                1130          6.00012e-20
                1140          6.01145e-20
                1150          6.02282e-20
                1160          6.03423e-20
                1170          6.04568e-20
                1180          6.05717e-20
                1190           6.0687e-20
                1200          6.08028e-20
                1210          6.09189e-20
                1220          6.10355e-20
                1230          6.11525e-20
                1240            6.127e-20
                1250          6.13879e-20
                1260          6.15062e-20
                1270          6.16249e-20
                1280          6.17441e-20
                1290          6.18637e-20
                1300          6.19838e-20
                1310          6.21043e-20
                1320          6.22253e-20
                1330          6.23467e-20
                1340          6.24686e-20
                1350          6.25909e-20
                1360          6.27137e-20
                1370           6.2837e-20
                1380          6.29607e-20
                1390          6.30849e-20
                1400          6.32096e-20
                1410          6.33348e-20
                1420          6.34604e-20
                1430          6.35865e-20
                1440          6.37131e-20
                1450          6.38402e-20
                1460          6.39678e-20
                1470          6.40959e-20
                1480          6.42245e-20
                1490          6.43536e-20
                1500          6.44832e-20
                1510          6.46133e-20
                1520          6.47439e-20
                1530           6.4875e-20
                1540          6.50067e-20
                1550          6.51388e-20
                1560          6.52715e-20
                1570          6.54048e-20
                1580          6.55386e-20
                1590          6.56729e-20
                1600          6.58077e-20
                1610          6.59431e-20
                1620          6.60791e-20
                1630          6.62156e-20
                1640          6.63526e-20
                1650          6.64902e-20
                1660          6.66284e-20
                1670          6.67672e-20
                1680          6.69065e-20
                1690          6.70464e-20
                1700          6.71869e-20
                1710           6.7328e-20
                1720          6.74697e-20
                1730          6.76119e-20
                1740          6.77548e-20
                1750          6.78982e-20
                1760          6.80423e-20
                1770           6.8187e-20
                1780          6.83323e-20
                1790          6.84782e-20
                1800          6.86248e-20
                1810           6.8772e-20
                1820          6.89198e-20
                1830          6.90682e-20
                1840          6.92173e-20
                1850          6.93671e-20
                1860          6.95175e-20
                1870          6.96686e-20
                1880          6.98203e-20
                1890          6.99727e-20
                1900          7.01258e-20
                1910          7.02796e-20
                1920           7.0434e-20
                1930          7.05892e-20
                1940           7.0745e-20
                1950          7.09015e-20
                1960          7.10588e-20
                1970          7.12167e-20
                1980          7.13754e-20
                1990          7.15348e-20
                2000           7.1695e-20
                2010          7.18559e-20
                2020          7.20175e-20
                2030          7.21799e-20
                2040           7.2343e-20
                2050          7.25069e-20
                2060          7.26715e-20
                2070           7.2837e-20
                2080          7.30032e-20
                2090          7.31702e-20
                2100           7.3338e-20
                2110          7.35066e-20
                2120           7.3676e-20
                2130          7.38462e-20
                2140          7.40173e-20
                2150          7.41891e-20
                2160          7.43619e-20
                2170          7.45354e-20
                2180          7.47098e-20
                2190          7.48851e-20
                2200          7.50612e-20
                2210          7.52382e-20
                2220          7.54161e-20
                2230          7.55949e-20
                2240          7.57745e-20
                2250          7.59551e-20
                2260          7.61366e-20
                2270           7.6319e-20
                2280          7.65023e-20
                2290          7.66866e-20
                2300          7.68718e-20
                2310           7.7058e-20
                2320          7.72452e-20
                2330          7.74333e-20
                2340          7.76224e-20
                2350          7.78125e-20
                2360          7.80036e-20
                2370          7.81957e-20
                2380          7.83888e-20
                2390          7.85829e-20
                2400          7.87781e-20
                2410          7.89744e-20
                2420          7.91717e-20
                2430          7.93701e-20
                2440          7.95695e-20
                2450          7.97701e-20
                2460          7.99717e-20
                2470          8.01745e-20
                2480          8.03784e-20
                2490          8.05834e-20
                2500          8.07896e-20
                2510          8.09969e-20
                2520          8.12054e-20
                2530          8.14151e-20
                2540           8.1626e-20
                2550          8.18381e-20
                2560          8.20514e-20
                2570          8.22659e-20
                2580          8.24817e-20
                2590          8.26987e-20
                2600           8.2917e-20
                2610          8.31366e-20
                2620          8.33575e-20
                2630          8.35798e-20
                2640          8.38033e-20
                2650          8.40282e-20
                2660          8.42544e-20
                2670           8.4482e-20
                2680           8.4711e-20
                2690          8.49414e-20
                2700          8.51732e-20
                2710          8.54065e-20
                2720          8.56412e-20
                2730          8.58773e-20
                2740           8.6115e-20
                2750          8.63541e-20
                2760          8.65948e-20
                2770           8.6837e-20
                2780          8.70807e-20
                2790           8.7326e-20
                2800          8.75729e-20
                2810          8.78215e-20
                2820          8.80716e-20
                2830          8.83234e-20
                2840          8.85768e-20
                2850           8.8832e-20
                2860          8.90888e-20
                2870          8.93474e-20
                2880          8.96077e-20
                2890          8.98698e-20
                2900          9.01336e-20
                2910          9.03993e-20
                2920          9.06668e-20
                2930          9.09362e-20
                2940          9.12075e-20
                2950          9.14807e-20
                2960          9.17558e-20
                2970          9.20329e-20
                2980          9.23119e-20
                2990           9.2593e-20
                3000           9.2876e-20
                3010          9.31612e-20
                3020          9.34484e-20
                3030          9.37378e-20
                3040          9.40293e-20
                3050           9.4323e-20
                3060          9.46189e-20
                3070           9.4917e-20
                3080          9.52174e-20
                3090            9.552e-20
                3100           9.5825e-20
                3110          9.61324e-20
                3120          9.64422e-20
                3130          9.67544e-20
                3140           9.7069e-20
                3150          9.73862e-20
                3160          9.77058e-20
                3170          9.80281e-20
                3180           9.8353e-20
                3190          9.86805e-20
                3200          9.90107e-20
                3210          9.93436e-20
                3220          9.96793e-20
                3230          1.00018e-19
                3240          1.00359e-19
                3250          1.00703e-19
                3260          1.01051e-19
                3270          1.01401e-19
                3280          1.01754e-19
                3290           1.0211e-19
                3300           1.0247e-19
                3310          1.02832e-19
                3320          1.03198e-19
                3330          1.03567e-19
                3340           1.0394e-19
                3350          1.04316e-19
                3360          1.04695e-19
                3370          1.05078e-19
                3380          1.05464e-19
                3390          1.05854e-19
                3400          1.06248e-19
                3410          1.06646e-19
                3420          1.07047e-19
                3430          1.07452e-19
                3440          1.07861e-19
                3450          1.08274e-19
                3460          1.08691e-19
                3470          1.09113e-19
                3480          1.09538e-19
                3490          1.09968e-19
                3500          1.10403e-19
                3510          1.10841e-19
                3520          1.11285e-19
                3530          1.11733e-19
                3540          1.12185e-19
                3550          1.12643e-19
                3560          1.13105e-19
                3570          1.13573e-19
                3580          1.14046e-19
                3590          1.14523e-19
                3600          1.15006e-19
                3610          1.15495e-19
                3620          1.15989e-19
                3630          1.16489e-19
                3640          1.16994e-19
                3650          1.17505e-19
                3660          1.18022e-19
                3670          1.18546e-19
                3680          1.19075e-19
                3690          1.19611e-19
                3700          1.20154e-19
                3710          1.20703e-19
                3720          1.21259e-19
                3730          1.21822e-19
                3740          1.22392e-19
                3750          1.22969e-19
                3760          1.23554e-19
                3770          1.24146e-19
                3780          1.24746e-19
                3790          1.25354e-19
                3800           1.2597e-19
                3810          1.26594e-19
                3820          1.27227e-19
                3830          1.27869e-19
                3840          1.28519e-19
                3850          1.29179e-19
                3860          1.29848e-19
                3870          1.30527e-19
                3880          1.31215e-19
                3890          1.31914e-19
                3900          1.32623e-19
                3910          1.33342e-19
                3920          1.34073e-19
                3930          1.34815e-19
                3940          1.35568e-19
                3950          1.36333e-19
                3960           1.3711e-19
                3970            1.379e-19
                3980          1.38702e-19
                3990          1.39517e-19
                4000          1.40346e-19
                4010          1.41189e-19
                4020          1.42047e-19
                4030          1.42919e-19
                4040          1.43806e-19
                4050          1.44709e-19
                4060          1.45628e-19
                4070          1.46563e-19
                4080          1.47516e-19
                4090          1.48486e-19
                4100          1.49474e-19
                4110          1.50482e-19
                4120          1.51508e-19
                4130          1.52555e-19
                4140          1.53622e-19
                4150          1.54711e-19
                4160          1.55822e-19
                4170          1.56955e-19
                4180          1.58113e-19
                4190          1.59294e-19
                4200          1.60502e-19
                4210          1.61735e-19
                4220          1.62996e-19
                4230          1.64285e-19
                4240          1.65603e-19
                4250          1.66952e-19
                4260          1.68332e-19
                4270          1.69745e-19
                4280          1.71193e-19
                4290          1.72676e-19
                4300          1.74196e-19
                4310          1.75755e-19
                4320          1.77354e-19
                4330          1.78994e-19
                4340          1.80679e-19
                4350          1.82409e-19
                4360          1.84187e-19
                4370          1.86015e-19
                4380          1.87895e-19
                4390           1.8983e-19
                4400          1.91822e-19
                4410          1.93875e-19
                4420          1.95991e-19
                4430          1.98173e-19
                4440          2.00425e-19
                4450           2.0275e-19
                4460          2.05153e-19
                4470          2.07638e-19
                4480          2.10209e-19
                4490          2.12872e-19
                4500          2.15631e-19
                4510          2.18492e-19
                4520          2.21462e-19
                4530          2.24548e-19
                4540          2.27756e-19
                4550          2.31096e-19
                4560          2.34575e-19
                4570          2.38203e-19
                4580          2.41991e-19
                4590          2.45951e-19
                4600          2.50095e-19
                4610          2.54437e-19
                4620          2.58994e-19
                4630          2.63782e-19
                4640          2.68821e-19
                4650          2.74133e-19
                4660          2.79743e-19
                4670          2.85677e-19
                4680          2.91969e-19
                4690          2.98652e-19
                4700          3.05768e-19
                4710          3.13365e-19
                4720          3.21496e-19
                4730          3.30226e-19
                4740          3.39628e-19
                4750          3.49791e-19
                4760          3.60822e-19
                4770          3.72853e-19
                4780          3.86056e-19
                4790          4.00679e-19
                4800          4.17132e-19
                4810          4.36203e-19
                4820          4.59577e-19
                4830          4.91008e-19
                4840          5.38795e-19
                4850          6.20606e-19
                4860          7.72118e-19
                4870          1.06097e-18
                4880          1.60683e-18
                4890          2.60598e-18
                4900          4.35507e-18
                4910          7.26331e-18
                4920          1.18387e-17
                4930          1.86349e-17
                4940          2.81536e-17
                4950          4.07151e-17
                4960          5.63277e-17
                4970          7.46001e-17
                4980          9.47353e-17
                4990          1.15618e-16
                5000          1.35973e-16
                5010          1.54547e-16
                5020          1.70256e-16
                5030          1.82278e-16
                5040          1.90094e-16
                5050          1.93507e-16
                5060          1.92654e-16
                5070          1.88019e-16
                5080          1.80393e-16
                5090          1.70788e-16
                5100          1.60287e-16
                5110          1.49896e-16
                5120          1.40433e-16
                5130          1.32502e-16
                5140           1.2652e-16
                5150          1.22766e-16
                5160           1.2139e-16
                5170          1.22398e-16
                5180          1.25613e-16
                5190          1.30685e-16
                5200          1.37137e-16
                5210          1.44464e-16
                5220          1.52204e-16
                5230          1.59956e-16
                5240           1.6733e-16
                5250          1.73864e-16
                5260          1.78996e-16
                5270          1.82127e-16
                5280          1.82793e-16
                5290          1.80892e-16
                5300          1.76855e-16
                5310          1.71705e-16
                5320          1.66972e-16
                5330          1.64516e-16
                5340          1.66333e-16
                5350          1.74367e-16
                5360           1.9031e-16
                5370          2.15328e-16
                5380          2.49668e-16
                5390          2.92198e-16
                5400          3.40057e-16
                5410          3.88649e-16
                5420          4.32145e-16
                5430          4.64501e-16
                5440          4.80753e-16
                5450          4.78199e-16
                5460          4.57057e-16
                5470          4.20379e-16
                5480          3.73227e-16
                5490          3.21439e-16
                5500          2.70371e-16
                5510          2.23983e-16
                5520          1.84473e-16
                5530          1.52401e-16
                5540          1.27149e-16
                5550           1.0748e-16
                5560          9.20099e-17
                5570          7.95236e-17
                5580          6.91152e-17
                5590          6.02172e-17
                5600          5.25786e-17
                5610          4.62495e-17
                5620          4.16159e-17
                5630           3.9513e-17
                5640          4.14292e-17
                5650          4.97773e-17
                5660          6.81591e-17
                5670          1.01478e-16
                5680          1.55708e-16
                5690          2.37159e-16
                5700          3.51186e-16
                5710          5.00568e-16
                5720           6.8401e-16
                5730          8.95374e-16
                5740          1.12409e-15
                5750          1.35677e-15
                5760          1.57947e-15
                5770          1.77967e-15
                5780          1.94714e-15
                5790          2.07352e-15
                5800          2.15132e-15
                5810          2.17322e-15
                5820          2.13296e-15
                5830          2.02749e-15
                5840          1.85983e-15
                5850          1.64084e-15
                5860            1.389e-15
                5870          1.12786e-15
                5880          8.82027e-16
                5890          6.73213e-16
                5900          5.17358e-16
                5910          4.23474e-16
                5920          3.93756e-16
                5930          4.24254e-16
                5940          5.05469e-16
                5950          6.22802e-16
                5960          7.57271e-16
                5970          8.87127e-16
                5980          9.90664e-16
                5990          1.04987e-15
                6000          1.05395e-15
                6010          1.00153e-15
                6020          9.00619e-16
                6030          7.66313e-16
                6040          6.16974e-16
                6050          4.70096e-16
                6060          3.39137e-16
                6070          2.32002e-16
                6080          1.51232e-16
                6090          9.53932e-17
                6100          6.09493e-17
                6110          4.39557e-17
                6120          4.11836e-17
                6130          5.05414e-17
                6140          7.08705e-17
                6150          1.01306e-16
                6160          1.40464e-16
                6170          1.85734e-16
                6180          2.32965e-16
                6190          2.76714e-16
                6200           3.1108e-16
                6210          3.30932e-16
                6220          3.33124e-16
                6230          3.17304e-16
                6240          2.86003e-16
                6250          2.43969e-16
                6260          1.96995e-16
                6270           1.5062e-16
                6280          1.09121e-16
                6290          7.50033e-17
                6300          4.90333e-17
                6310          3.06447e-17
                6320          1.85031e-17
                6330          1.10272e-17
                6340          6.75386e-18
                6350          4.52342e-18
                6360           3.5213e-18
                6370          3.23564e-18
                6380          3.38599e-18
                6390          3.86191e-18
                6400          4.69613e-18
                6410          6.09021e-18
                6420          8.51015e-18
                6430          1.28696e-17
                6440          2.08074e-17
                6450          3.50323e-17
                6460          5.96471e-17
                6470          1.00279e-16
                6480           1.6377e-16
                6490           2.5718e-16
                6500          3.85984e-16
                6510          5.51659e-16
                6520          7.49232e-16
                6530          9.65716e-16
                6540          1.18041e-15
                6550           1.3676e-15
                6560          1.50144e-15
                6570          1.56177e-15
                6580           1.5391e-15
                6590          1.43713e-15
                6600          1.27181e-15
                6610          1.06732e-15
                6620          8.50522e-16
                6630          6.45504e-16
                6640           4.6998e-16
                6650            3.341e-16
                6660          2.41456e-16
                6670          1.91366e-16
                6680          1.81326e-16
                6690          2.08758e-16
                6700          2.71584e-16
                6710          3.67627e-16
                6720          4.93211e-16
                6730          6.41549e-16
                6740          8.01651e-16
                6750          9.58353e-16
                6760          1.09383e-15
                6770          1.19043e-15
                6780          1.23422e-15
                6790          1.21817e-15
                6800          1.14393e-15
                6810          1.02161e-15
                6820          8.67448e-16
                6830          7.00206e-16
                6840          5.37401e-16
                6850          3.92358e-16
                6860          2.72797e-16
                6870          1.80978e-16
                6880          1.14964e-16
                6890          7.03553e-17
                6900          4.19138e-17
                6910          2.47273e-17
                6920          1.48225e-17
                6930          9.32531e-18
                6940          6.34075e-18
                6950          4.71637e-18
                6960          3.79955e-18
                6970          3.24312e-18
                6980          2.87174e-18
                6990          2.59995e-18
                7000          2.38663e-18
                7010          2.21146e-18
                7020          2.06373e-18
                7030          1.93714e-18
                7040          1.82761e-18
                7050          1.73222e-18
                7060          1.64878e-18
                7070          1.57558e-18
                7080          1.51128e-18
                7090          1.45481e-18
                7100           1.4053e-18
                7110          1.36208e-18
                7120          1.32463e-18
                7130          1.29256e-18
                7140          1.26565e-18
                7150          1.24389e-18
                7160          1.22757e-18
                7170          1.21755e-18
                7180          1.21574e-18
                7190          1.22608e-18
                7200          1.25617e-18
                7210          1.31983e-18
                7220          1.44074e-18
                7230          1.65663e-18
                7240          2.02291e-18
                7250           2.6135e-18
                7260          3.51578e-18
                7270          4.81681e-18
                7280             6.58e-18
                7290          8.81527e-18
                7300          1.14508e-17
                7310          1.43183e-17
                7320          1.71642e-17
                7330          1.96923e-17
                7340          2.16338e-17
                7350          2.28272e-17
                7360          2.32827e-17
                7370          2.32065e-17
                7380          2.29718e-17
                7390          2.30396e-17
                7400          2.38529e-17
                7410          2.57382e-17
                7420          2.88527e-17
                7430           3.3197e-17
                7440          3.86953e-17
                7450          4.53084e-17
                7460          5.31259e-17
                7470          6.23758e-17
                7480          7.33158e-17
                7490          8.60186e-17
                7500          1.00126e-16
                7510          1.14682e-16
                7520          1.28152e-16
                7530          1.38684e-16
                7540           1.4456e-16
                7550          1.44715e-16
                7560           1.3918e-16
                7570          1.29286e-16
                7580          1.17627e-16
                7590          1.07775e-16
                7600          1.03866e-16
                7610           1.1008e-16
                7620          1.30055e-16
                7630          1.66193e-16
                7640          2.18897e-16
                7650          2.85874e-16
                7660          3.61757e-16
                7670          4.38382e-16
                7680          5.05876e-16
                7690          5.54485e-16
                7700            5.767e-16
                7710          5.69052e-16
                7720          5.32938e-16
                7730          4.74208e-16
                7740          4.01629e-16
                7750          3.24792e-16
                7760           2.5215e-16
                7770          1.89754e-16
                7780          1.40925e-16
                7790          1.06748e-16
                7800          8.70104e-17
                7810          8.11603e-17
                7820          8.89329e-17
                7830          1.10462e-16
                7840          1.45882e-16
                7850          1.94565e-16
                7860          2.54301e-16
                7870          3.20714e-16
                7880          3.87261e-16
                7890          4.45948e-16
                7900          4.88711e-16
                7910          5.09104e-16
                7920          5.03814e-16
                7930          4.73469e-16
                7940          4.22484e-16
                7950          3.57964e-16
                7960          2.88057e-16
                7970          2.20263e-16
                7980          1.60183e-16
                7990          1.10961e-16
                8000          7.34096e-17
                8010          4.65941e-17
                8020          2.85947e-17
                8030          1.71917e-17
                8040          1.03409e-17
                8050          6.41194e-18
                8060          4.23925e-18
                8070          3.06229e-18
                8080          2.42261e-18
                8090          2.06261e-18
                8100          1.84613e-18
                8110          1.70474e-18
                8120          1.60524e-18
                8130          1.53174e-18
                8140          1.47654e-18
                8150          1.43582e-18
                8160          1.40775e-18
                8170          1.39182e-18
                8180          1.38898e-18
                8190          1.40264e-18
                8200          1.44126e-18
                8210          1.52387e-18
                8220          1.69108e-18
                8230          2.02506e-18
                8240          2.68263e-18
                8250          3.94384e-18
                8260          6.27342e-18
                8270          1.03815e-17
                8280          1.72553e-17
                8290          2.81178e-17
                8300          4.42679e-17
                8310          6.67743e-17
                8320          9.60455e-17
                8330          1.31373e-16
                8340          1.70609e-16
                8350           2.1016e-16
                8360          2.45414e-16
                8370          2.71586e-16
                8380           2.8478e-16
                8390          2.82952e-16
                8400          2.66447e-16
                8410          2.37927e-16
                8420          2.01703e-16
                8430          1.62724e-16
                8440          1.25548e-16
                8450          9.36112e-17
                8460          6.89341e-17
                8470          5.22655e-17
                8480          4.35057e-17
                8490          4.22119e-17
                8500          4.79992e-17
                8510          6.07176e-17
                8520          8.03588e-17
                8530          1.06733e-16
                8540          1.39028e-16
                8550          1.75427e-16
                8560          2.12971e-16
                8570          2.47795e-16
                8580          2.75766e-16
                8590          2.93356e-16
                8600          2.98494e-16
                8610          2.91096e-16
                8620          2.73065e-16
                8630          2.47748e-16
                8640          2.19046e-16
                8650           1.9047e-16
                8660          1.64455e-16
                8670          1.42105e-16
                8680          1.23382e-16
                8690            1.076e-16
                8700          9.39934e-17
                8710          8.21816e-17
                8720          7.23946e-17
                8730          6.54383e-17
                8740           6.2449e-17
                8750          6.45212e-17
                8760          7.23008e-17
                8770           8.5634e-17
                8780          1.03356e-16
                8790          1.23295e-16
                8800          1.42541e-16
                8810          1.57951e-16
                8820          1.66794e-16
                8830          1.67366e-16
                8840           1.5937e-16
                8850           1.4395e-16
                8860          1.23367e-16
                8870           1.0043e-16
                8880          7.78742e-17
                8890          5.78823e-17
                8900          4.18507e-17
                8910          3.04183e-17
                8920          2.36785e-17
                8930          2.14611e-17
                8940          2.35726e-17
                8950          2.99209e-17
                8960           4.0492e-17
                8970          5.51962e-17
                8980          7.36375e-17
                8990          9.48955e-17
                9000          1.17423e-16
                9010          1.39149e-16
                9020          1.57806e-16
                9030          1.71428e-16
                9040           1.7886e-16
                9050          1.80086e-16
                9060          1.76231e-16
                9070          1.69195e-16
                9080           1.6104e-16
                9090          1.53337e-16
                9100          1.46728e-16
                9110          1.40849e-16
                9120          1.34623e-16
                9130          1.26792e-16
                9140          1.16453e-16
                9150          1.03414e-16
                9160          8.82632e-17
                9170          7.21626e-17
                9180          5.65021e-17
                9190          4.25549e-17
                9200          3.12569e-17
                9210          2.31582e-17
                9220          1.85213e-17
                9230          1.74977e-17
                9240          2.02967e-17
                9250          2.72754e-17
                9260          3.89049e-17
                9270          5.56014e-17
                9280          7.74501e-17
                9290          1.03895e-16
                9300          1.33497e-16
                9310          1.63882e-16
                9320          1.91947e-16
                9330          2.14346e-16
                9340          2.28141e-16
                9350          2.31447e-16
                9360          2.23875e-16
                9370          2.06622e-16
                9380          1.82196e-16
                9390          1.53874e-16
                9400          1.25055e-16
                9410          9.87065e-17
                9420          7.70122e-17
                9430          6.12449e-17
                9440          5.18263e-17
                9450          4.84886e-17
                9460           5.0464e-17
                9470          5.66609e-17
                9480          6.58135e-17
                9490           7.6608e-17
                9500          8.77878e-17
                9510          9.82379e-17
                9520          1.07042e-16
                9530           1.1352e-16
                9540          1.17251e-16
                9550          1.18089e-16
                9560          1.16176e-16
                9570          1.11921e-16
                9580          1.05937e-16
                9590          9.89462e-17
                9600          9.16639e-17
                9610          8.47214e-17
                9620          7.86426e-17
                9630          7.38773e-17
                9640          7.08431e-17
                9650           6.9923e-17
                9660          7.13844e-17
                9670          7.52376e-17
                9680           8.1103e-17
                9690           8.8173e-17
                9700          9.53263e-17
                9710          1.01391e-16
                9720          1.05473e-16
                9730          1.07237e-16
                9740          1.07011e-16
                9750          1.05686e-16
                9760          1.04418e-16
                9770          1.04257e-16
                9780          1.05811e-16
                9790          1.09075e-16
                9800          1.13437e-16
                9810          1.17878e-16
                9820          1.21266e-16
                9830          1.22669e-16
                9840          1.21597e-16
                9850          1.18119e-16
                9860          1.12821e-16
                9870          1.06633e-16
                9880           1.0057e-16
                9890          9.54686e-17
                9900          9.18065e-17
                9910          8.96347e-17
                9920          8.86516e-17
                9930          8.83672e-17
                9940          8.82917e-17
                9950          8.80772e-17
                9960          8.75689e-17
                9970          8.67676e-17
                9980          8.57401e-17
                9990          8.45359e-17
               10000          8.31498e-17
               10010          8.15451e-17
               10020          7.97133e-17
               10030          7.77319e-17
               10040          7.57828e-17
               10050          7.41183e-17
               10060          7.29876e-17
               10070          7.25528e-17
               10080          7.28333e-17
               10090          7.37052e-17
               10100          7.49777e-17
               10110          7.65537e-17
               10120          7.86779e-17
               10130          8.22676e-17
               10140          8.93024e-17
               10150          1.03216e-16
               10160          1.29163e-16
               10170          1.73962e-16
               10180          2.45453e-16
               10190          3.51055e-16
               10200          4.95513e-16
               10210          6.78184e-16
               10220          8.90658e-16
               10230          1.11577e-15
               10240          1.32894e-15
               10250           1.5021e-15
               10260          1.60958e-15
               10270          1.63422e-15
               10280          1.57177e-15
               10290          1.43204e-15
               10300          1.23631e-15
               10310          1.01202e-15
               10320          7.86663e-16
               10330          5.82692e-16
               10340          4.15019e-16
               10350           2.9124e-16
               10360          2.14004e-16
               10370          1.84322e-16
               10380          2.04507e-16
               10390          2.79709e-16
               10400           4.1737e-16
               10410          6.24452e-16
               10420          9.02941e-16
               10430          1.24482e-15
               10440          1.62834e-15
               10450          2.01752e-15
               10460          2.36612e-15
               10470          2.62599e-15
               10480          2.75768e-15
               10490          2.74014e-15
               10500          2.57622e-15
               10510          2.29184e-15
               10520          1.92932e-15
               10530          1.53709e-15
               10540          1.15925e-15
               10550          8.28056e-16
               10560          5.60806e-16
               10570          3.60939e-16
               10580          2.21844e-16
               10590          1.31555e-16
               10600          7.68241e-17
               10610          4.58053e-17
               10620          2.93141e-17
               10630          2.09965e-17
               10640          1.68942e-17
               10650          1.47958e-17
               10660          1.36162e-17
               10670          1.29064e-17
               10680          1.25168e-17
               10690          1.23934e-17
               10700          1.24791e-17
               10710          1.26878e-17
               10720          1.29212e-17
               10730          1.30992e-17
               10740           1.3184e-17
               10750          1.31838e-17
               10760          1.31386e-17
               10770          1.30952e-17
               10780          1.30859e-17
               10790          1.31189e-17
               10800          1.31815e-17
               10810          1.32534e-17
               10820          1.33179e-17
               10830          1.33692e-17
               10840          1.34108e-17
               10850          1.34503e-17
               10860           1.3494e-17
               10870          1.35439e-17
               10880          1.35987e-17
               10890           1.3656e-17
               10900          1.37138e-17
               10910          1.37707e-17
               10920          1.38255e-17
               10930          1.38756e-17
               10940          1.39156e-17
               10950          1.39362e-17
               10960          1.39232e-17
               10970          1.38564e-17
               10980          1.37104e-17
               10990          1.34552e-17
               11000          1.30606e-17
               11010          1.25014e-17
               11020          1.17642e-17
               11030          1.08532e-17
               11040          9.79439e-18
               11050          8.63432e-18
               11060          7.43582e-18
               11070          6.27039e-18
               11080          5.21252e-18
               11090          4.34218e-18
               11100          3.76569e-18
               11110          3.66912e-18
               11120          4.42377e-18
               11130          6.76601e-18
               11140          1.20675e-17
               11150          2.26854e-17
               11160          4.23255e-17
               11170          7.62671e-17
               11180           1.3121e-16
               11190          2.14474e-16
               11200          3.32365e-16
               11210           4.8781e-16
               11220          6.77744e-16
               11230          8.91142e-16
               11240          1.10876e-15
               11250          1.30527e-15
               11260          1.45386e-15
               11270          1.53212e-15
               11280          1.52758e-15
               11290            1.441e-15
               11300           1.2861e-15
               11310          1.08605e-15
               11320          8.67783e-16
               11330          6.56151e-16
               11340          4.69573e-16
               11350          3.18167e-16
               11360           2.0424e-16
               11370          1.24372e-16
               11380           7.2038e-17
               11390          3.99127e-17
               11400          2.14097e-17
               11410          1.14006e-17
               11420          6.31411e-18
               11430          3.88855e-18
               11440          2.80794e-18
               11450           2.3644e-18
               11460          2.20421e-18
               11470          2.16274e-18
               11480          2.16842e-18
               11490          2.19213e-18
               11500          2.22282e-18
               11510          2.25655e-18
               11520          2.29204e-18
               11530          2.32893e-18
               11540          2.36716e-18
               11550          2.40677e-18
               11560          2.44783e-18
               11570          2.49041e-18
               11580          2.53462e-18
               11590          2.58054e-18
               11600          2.62829e-18
               11610            2.678e-18
               11620          2.72979e-18
               11630           2.7838e-18
               11640           2.8402e-18
               11650          2.89917e-18
               11660           2.9609e-18
               11670           3.0256e-18
               11680          3.09352e-18
               11690          3.16492e-18
               11700          3.24011e-18
               11710          3.31943e-18
               11720          3.40325e-18
               11730          3.49201e-18
               11740           3.5862e-18
               11750          3.68637e-18
               11760          3.79316e-18
               11770           3.9073e-18
               11780          4.02964e-18
               11790          4.16116e-18
               11800          4.30301e-18
               11810          4.45652e-18
               11820          4.62329e-18
               11830          4.80522e-18
               11840          5.00458e-18
               11850           5.2241e-18
               11860          5.46717e-18
               11870          5.73792e-18
               11880          6.04157e-18
               11890          6.38476e-18
               11900          6.77612e-18
               11910          7.22716e-18
               11920          7.75385e-18
               11930          8.37915e-18
               11940          9.13783e-18
               11950          1.00849e-17
               11960          1.13106e-17
               11970          1.29656e-17
               11980          1.53011e-17
               11990          1.87274e-17
               12000          2.38893e-17
               12010          3.17468e-17
               12020          4.36335e-17
               12030          6.12442e-17
               12040          8.64932e-17
               12050           1.2119e-16
               12060          1.66523e-16
               12070          2.22419e-16
               12080          2.86936e-16
               12090          3.55937e-16
               12100           4.2325e-16
               12110          4.81457e-16
               12120          5.23209e-16
               12130           5.4277e-16
               12140          5.37335e-16
               12150          5.07706e-16
               12160            4.581e-16
               12170          3.95145e-16
               12180          3.26406e-16
               12190          2.58891e-16
               12200          1.97944e-16
               12210          1.46728e-16
               12220          1.06306e-16
               12230          7.61192e-17
               12240          5.46336e-17
               12250          3.99413e-17
               12260          3.01962e-17
               12270           2.3853e-17
               12280          1.97459e-17
               12290          1.70623e-17
               12300          1.52702e-17
               12310          1.40377e-17
               12320          1.31639e-17
               12330          1.25289e-17
               12340          1.20607e-17
               12350          1.17149e-17
               12360          1.14632e-17
               12370          1.12867e-17
               12380           1.1172e-17
               12390          1.11096e-17
               12400          1.10924e-17
               12410          1.11153e-17
               12420          1.11741e-17
               12430          1.12658e-17
               12440          1.13882e-17
               12450          1.15397e-17
               12460          1.17192e-17
               12470          1.19259e-17
               12480          1.21596e-17
               12490          1.24202e-17
               12500          1.27082e-17
               12510          1.30241e-17
               12520          1.33688e-17
               12530          1.37435e-17
               12540          1.41498e-17
               12550          1.45894e-17
               12560          1.50645e-17
               12570          1.55777e-17
               12580          1.61319e-17
               12590          1.67306e-17
               12600          1.73778e-17
               12610          1.80782e-17
               12620          1.88374e-17
               12630          1.96617e-17
               12640          2.05588e-17
               12650          2.15377e-17
               12660          2.26094e-17
               12670          2.37871e-17
               12680          2.50871e-17
               12690          2.65301e-17
               12700          2.81423e-17
               12710           2.9959e-17
               12720          3.20286e-17
               12730          3.44212e-17
               12740          3.72431e-17
               12750          4.06618e-17
               12760          4.49483e-17
               12770          5.05424e-17
               12780          5.81489e-17
               12790          6.88598e-17
               12800          8.42854e-17
               12810          1.06648e-16
               12820          1.38765e-16
               12830          1.83817e-16
               12840          2.44829e-16
               12850          3.23833e-16
               12860          4.20824e-16
               12870          5.32767e-16
               12880          6.53035e-16
               12890          7.71639e-16
               12900           8.7648e-16
               12910          9.55486e-16
               12920          9.99155e-16
               12930          1.00281e-15
               12940           9.6785e-16
               12950          9.01647e-16
               12960          8.16172e-16
               12970          7.25936e-16
               12980          6.46036e-16
               12990          5.91071e-16
               13000          5.75315e-16
               13010          6.14098e-16
               13020          7.25814e-16
               13030          9.33544e-16
               13040          1.26506e-15
               13050          1.74998e-15
               13060          2.41334e-15
               13070          3.26593e-15
               13080          4.29326e-15
               13090          5.44653e-15
               13100          6.63976e-15
               13110          7.75654e-15
               13120          8.66707e-15
               13130           9.2527e-15
               13140          9.43164e-15
               13150          9.17796e-15
               13160          8.52785e-15
               13170           7.5709e-15
               13180          6.42936e-15
               13190          5.23209e-15
               13200          4.09084e-15
               13210          3.08478e-15
               13220          2.25539e-15
               13230          1.61061e-15
               13240          1.13431e-15
               13250          7.97332e-16
               13260          5.66894e-16
               13270          4.12864e-16
               13280          3.10855e-16
               13290          2.42882e-16
               13300          1.96606e-16
               13310          1.64024e-16
               13320          1.40149e-16
               13330          1.21946e-16
               13340          1.07576e-16
               13350          9.59096e-17
               13360          8.62313e-17
               13370           7.8068e-17
               13380          7.10929e-17
               13390          6.50706e-17
               13400          5.98255e-17
               13410          5.52235e-17
               13420          5.11594e-17
               13430          4.75498e-17
               13440          4.43273e-17
               13450          4.14369e-17
               13460          3.88335e-17
               13470          3.64794e-17
               13480          3.43432e-17
               13490          3.23983e-17
               13500          3.06222e-17
               13510          2.89955e-17
               13520          2.75018e-17
               13530          2.61268e-17
               13540           2.4858e-17
               13550          2.36849e-17
               13560          2.25978e-17
               13570          2.15885e-17
               13580          2.06498e-17
               13590          1.97752e-17
               13600           1.8959e-17
               13610           1.8196e-17
               13620          1.74819e-17
               13630          1.68125e-17
               13640          1.61841e-17
               13650          1.55936e-17
               13660          1.50379e-17
               13670          1.45145e-17
               13680          1.40208e-17
               13690          1.35548e-17
               13700          1.31144e-17
               13710          1.26978e-17
               13720          1.23035e-17
               13730          1.19298e-17
               13740          1.15754e-17
               13750          1.12391e-17
               13760          1.09197e-17
               13770          1.06161e-17
               13780          1.03273e-17
               13790          1.00525e-17
               13800          9.79083e-18
               13810          9.54149e-18
               13820           9.3038e-18
               13830          9.07708e-18
               13840          8.86073e-18
               13850          8.65419e-18
               13860          8.45692e-18
               13870          8.26844e-18
               13880          8.08829e-18
               13890          7.91605e-18
               13900          7.75133e-18
               13910          7.59375e-18
               13920          7.44298e-18
               13930          7.29869e-18
               13940          7.16058e-18
               13950          7.02837e-18
               13960           6.9018e-18
               13970          6.78063e-18
               13980          6.66462e-18
               13990          6.55357e-18
               14000          6.44726e-18
               14010          6.34552e-18
               14020          6.24816e-18
               14030          6.15503e-18
               14040          6.06596e-18
               14050          5.98082e-18
               14060          5.89946e-18
               14070          5.82177e-18
               14080          5.74763e-18
               14090          5.67693e-18
               14100          5.60957e-18
               14110          5.54545e-18
               14120          5.48449e-18
               14130          5.42661e-18
               14140          5.37175e-18
               14150          5.31982e-18
               14160          5.27078e-18
               14170          5.22458e-18
               14180          5.18115e-18
               14190          5.14048e-18
               14200          5.10251e-18
               14210          5.06723e-18
               14220          5.03462e-18
               14230          5.00465e-18
               14240          4.97733e-18
               14250          4.95265e-18
               14260          4.93061e-18
               14270          4.91125e-18
               14280          4.89457e-18
               14290          4.88062e-18
               14300          4.86944e-18
               14310          4.86107e-18
               14320          4.85559e-18
               14330          4.85307e-18
               14340          4.85362e-18
               14350          4.85733e-18
               14360          4.86434e-18
               14370          4.87479e-18
               14380          4.88886e-18
               14390          4.90676e-18
               14400           4.9287e-18
               14410          4.95497e-18
               14420          4.98588e-18
               14430          5.02179e-18
               14440          5.06313e-18
               14450           5.1104e-18
               14460          5.16419e-18
               14470          5.22521e-18
               14480          5.29428e-18
               14490           5.3724e-18
               14500          5.46079e-18
               14510          5.56091e-18
               14520          5.67458e-18
               14530          5.80408e-18
               14540          5.95229e-18
               14550          6.12294e-18
               14560          6.32102e-18
               14570          6.55344e-18
               14580          6.83029e-18
               14590          7.16723e-18
               14600          7.59014e-18
               14610          8.14379e-18
               14620          8.90783e-18
               14630          1.00239e-17
               14640          1.17386e-17
               14650           1.4464e-17
               14660          1.88514e-17
               14670          2.58608e-17
               14680          3.67911e-17
               14690          5.32189e-17
               14700          7.67917e-17
               14710          1.08844e-16
               14720          1.49863e-16
               14730          1.98919e-16
               14740          2.53256e-16
               14750          3.08253e-16
               14760          3.57921e-16
               14770          3.95927e-16
               14780          4.16917e-16
               14790          4.17768e-16
               14800          3.98363e-16
               14810          3.61621e-16
               14820          3.12771e-16
               14830          2.58121e-16
               14840          2.03726e-16
               14850          1.54332e-16
               14860          1.12839e-16
               14870          8.03027e-17
               14880          5.63213e-17
               14890          3.96042e-17
               14900          2.85123e-17
               14910           2.1455e-17
               14920          1.71098e-17
               14930          1.44925e-17
               14940          1.29314e-17
               14950          1.20001e-17
               14960          1.14427e-17
               14970          1.11123e-17
               14980          1.09264e-17
               14990          1.08392e-17
               15000          1.08246e-17
               15010          1.08676e-17
               15020          1.09586e-17
               15030          1.10919e-17
               15040          1.12636e-17
               15050          1.14713e-17
               15060          1.17135e-17
               15070          1.19897e-17
               15080          1.22999e-17
               15090          1.26447e-17
               15100          1.30251e-17
               15110          1.34427e-17
               15120          1.38994e-17
               15130          1.43978e-17
               15140          1.49408e-17
               15150           1.5532e-17
               15160          1.61754e-17
               15170          1.68758e-17
               15180          1.76388e-17
               15190          1.84707e-17
               15200          1.93791e-17
               15210          2.03724e-17
               15220          2.14607e-17
               15230          2.26557e-17
               15240           2.3971e-17
               15250          2.54229e-17
               15260          2.70304e-17
               15270          2.88162e-17
               15280          3.08076e-17
               15290          3.30378e-17
               15300          3.55469e-17
               15310          3.83848e-17
               15320          4.16135e-17
               15330          4.53117e-17
               15340           4.9581e-17
               15350          5.45553e-17
               15360          6.04168e-17
               15370          6.74218e-17
               15380          7.59465e-17
               15390          8.65658e-17
               15400          1.00191e-16
               15410          1.18299e-16
               15420          1.43298e-16
               15430           1.7906e-16
               15440          2.31636e-16
               15450          3.10035e-16
               15460          4.26875e-16
               15470          5.98451e-16
               15480          8.43678e-16
               15490          1.18134e-15
               15500          1.62542e-15
               15510          2.17895e-15
               15520          2.82766e-15
               15530          3.53573e-15
               15540           4.2458e-15
               15550          4.88504e-15
               15560          5.37695e-15
               15570           5.6565e-15
               15580          5.68458e-15
               15590          5.45719e-15
               15600          5.00637e-15
               15610          4.39265e-15
               15620          3.69141e-15
               15630          2.97744e-15
               15640          2.31221e-15
               15650          1.73645e-15
               15660          1.26894e-15
               15670           9.1005e-16
               15680          6.47881e-16
               15690          4.64576e-16
               15700          3.41375e-16
               15710          2.61715e-16
               15720          2.12491e-16
               15730          1.84031e-16
               15740          1.69382e-16
               15750          1.63434e-16
               15760          1.62208e-16
               15770          1.62458e-16
               15780          1.61578e-16
               15790          1.57711e-16
               15800          1.49901e-16
               15810          1.38141e-16
               15820          1.23258e-16
               15830          1.06617e-16
               15840           8.9752e-17
               15850           7.4015e-17
               15860          6.03439e-17
               15870          4.91823e-17
               15880          4.05353e-17
               15890          3.41057e-17
               15900           2.9449e-17
               15910          2.61019e-17
               15920          2.36621e-17
               15930          2.18213e-17
               15940          2.03652e-17
               15950          1.91562e-17
               15960          1.81108e-17
               15970          1.71806e-17
               15980          1.63376e-17
               15990          1.55653e-17
               16000          1.48531e-17
               16010          1.41936e-17
               16020          1.35812e-17
               16030          1.30112e-17
               16040          1.24797e-17
               16050          1.19831e-17
               16060          1.15186e-17
               16070          1.10833e-17
               16080          1.06748e-17
               16090           1.0291e-17
               16100          9.92997e-18
               16110           9.5899e-18
               16120          9.26923e-18
               16130          8.96653e-18
               16140           8.6805e-18
               16150          8.40996e-18
               16160          8.15384e-18
               16170          7.91116e-18
               16180          7.68102e-18
               16190           7.4626e-18
               16200          7.25515e-18
               16210          7.05797e-18
               16220          6.87044e-18
               16230          6.69196e-18
               16240            6.522e-18
               16250          6.36006e-18
               16260          6.20568e-18
               16270          6.05844e-18
               16280          5.91794e-18
               16290          5.78381e-18
               16300          5.65572e-18
               16310          5.53335e-18
               16320          5.41641e-18
               16330          5.30463e-18
               16340          5.19775e-18
               16350          5.09555e-18
               16360          4.99779e-18
               16370          4.90428e-18
               16380          4.81482e-18
               16390          4.72924e-18
               16400          4.64737e-18
               16410          4.56906e-18
               16420          4.49416e-18
               16430          4.42254e-18
               16440          4.35407e-18
               16450          4.28863e-18
               16460          4.22612e-18
               16470          4.16644e-18
               16480          4.10949e-18
               16490          4.05519e-18
               16500          4.00345e-18
               16510           3.9542e-18
               16520          3.90738e-18
               16530          3.86292e-18
               16540          3.82076e-18
               16550          3.78085e-18
               16560          3.74314e-18
               16570          3.70761e-18
               16580          3.67419e-18
               16590          3.64288e-18
               16600          3.61364e-18
               16610          3.58644e-18
               16620          3.56128e-18
               16630          3.53814e-18
               16640          3.51702e-18
               16650          3.49791e-18
               16660          3.48081e-18
               16670          3.46575e-18
               16680          3.45272e-18
               16690          3.44177e-18
               16700          3.43291e-18
               16710          3.42618e-18
               16720          3.42162e-18
               16730          3.41929e-18
               16740          3.41925e-18
               16750          3.42157e-18
               16760          3.42633e-18
               16770          3.43362e-18
               16780          3.44356e-18
               16790          3.45627e-18
               16800          3.47189e-18
               16810          3.49059e-18
               16820          3.51254e-18
               16830          3.53798e-18
               16840          3.56713e-18
               16850          3.60029e-18
               16860          3.63778e-18
               16870          3.67999e-18
               16880          3.72737e-18
               16890          3.78044e-18
               16900          3.83984e-18
               16910           3.9063e-18
               16920          3.98074e-18
               16930          4.06426e-18
               16940          4.15824e-18
               16950          4.26441e-18
               16960            4.385e-18
               16970          4.52297e-18
               16980          4.68241e-18
               16990          4.86917e-18
               17000          5.09212e-18
               17010          5.36531e-18
               17020           5.7118e-18
               17030          6.17007e-18
               17040          6.80411e-18
               17050          7.71786e-18
               17060          9.07349e-18
               17070          1.11101e-17
               17080          1.41555e-17
               17090          1.86197e-17
               17100          2.49549e-17
               17110          3.35722e-17
               17120          4.47133e-17
               17130          5.82983e-17
               17140          7.37905e-17
               17150          9.01344e-17
               17160          1.05819e-16
               17170          1.19084e-16
               17180          1.28247e-16
               17190          1.32064e-16
               17200          1.30017e-16
               17210          1.22442e-16
               17220          1.10451e-16
               17230          9.56643e-17
               17240          7.98606e-17
               17250          6.46348e-17
               17260          5.11598e-17
               17270          4.00926e-17
               17280          3.16124e-17
               17290          2.55453e-17
               17300          2.15174e-17
               17310          1.90913e-17
               17320           1.7861e-17
               17330          1.75016e-17
               17340          1.77841e-17
               17350          1.85691e-17
               17360          1.97935e-17
               17370          2.14593e-17
               17380           2.3632e-17
               17390          2.64546e-17
               17400          3.01837e-17
               17410          3.52607e-17
               17420          4.24312e-17
               17430          5.29267e-17
               17440          6.87128e-17
               17450           9.2776e-17
               17460          1.29374e-16
               17470          1.84105e-16
               17480          2.63595e-16
               17490          3.74593e-16
               17500          5.22379e-16
               17510          7.08593e-16
               17520          9.28957e-16
               17530          1.17163e-15
               17540          1.41709e-15
               17550          1.64007e-15
               17560          1.81366e-15
               17570          1.91465e-15
               17580           1.9287e-15
               17590          1.85378e-15
               17600          1.70062e-15
               17610          1.49017e-15
               17620           1.2488e-15
               17630          1.00278e-15
               17640          7.73762e-16
               17650          5.76054e-16
               17660           4.1617e-16
               17670          2.94083e-16
               17680          2.05398e-16
               17690           1.4362e-16
               17700          1.01955e-16
               17710          7.44243e-17
               17720          5.63452e-17
               17730          4.43543e-17
               17740          3.61962e-17
               17750          3.04358e-17
               17760          2.61933e-17
               17770          2.29398e-17
               17780          2.03572e-17
               17790          1.82506e-17
               17800          1.64964e-17
               17810          1.50123e-17
               17820          1.37411e-17
               17830          1.26412e-17
               17840          1.16816e-17
               17850          1.08382e-17
               17860          1.00924e-17
               17870          9.42915e-18
               17880          8.83627e-18
               17890          8.30388e-18
               17900          7.82381e-18
               17910          7.38925e-18
               17920           6.9945e-18
               17930          6.63473e-18
               17940          6.30585e-18
               17950          6.00435e-18
               17960          5.72723e-18
               17970          5.47187e-18
               17980          5.23603e-18
               17990          5.01773e-18
               18000          4.81525e-18
               18010           4.6271e-18
               18020          4.45192e-18
               18030          4.28854e-18
               18040          4.13592e-18
               18050          3.99313e-18
               18060          3.85933e-18
               18070          3.73379e-18
               18080          3.61584e-18
               18090          3.50488e-18
               18100          3.40036e-18
               18110          3.30181e-18
               18120          3.20878e-18
               18130          3.12087e-18
               18140          3.03771e-18
               18150          2.95899e-18
               18160          2.88438e-18
               18170          2.81362e-18
               18180          2.74646e-18
               18190          2.68266e-18
               18200          2.62201e-18
               18210          2.56432e-18
               18220          2.50941e-18
               18230           2.4571e-18
               18240          2.40726e-18
               18250          2.35973e-18
               18260          2.31439e-18
               18270          2.27112e-18
               18280           2.2298e-18
               18290          2.19034e-18
               18300          2.15262e-18
               18310          2.11657e-18
               18320          2.08211e-18
               18330          2.04914e-18
               18340          2.01761e-18
               18350          1.98744e-18
               18360          1.95858e-18
               18370          1.93095e-18
               18380          1.90452e-18
               18390          1.87922e-18
               18400            1.855e-18
               18410          1.83184e-18
               18420          1.80967e-18
               18430          1.78847e-18
               18440           1.7682e-18
               18450          1.74881e-18
               18460          1.73029e-18
               18470           1.7126e-18
               18480          1.69571e-18
               18490           1.6796e-18
               18500          1.66424e-18
               18510          1.64961e-18
               18520          1.63569e-18
               18530          1.62245e-18
               18540          1.60989e-18
               18550          1.59798e-18
               18560          1.58671e-18
               18570          1.57606e-18
               18580          1.56602e-18
               18590          1.55658e-18
               18600          1.54773e-18
               18610          1.53945e-18
               18620          1.53174e-18
               18630          1.52459e-18
               18640            1.518e-18
               18650          1.51195e-18
               18660          1.50644e-18
               18670          1.50147e-18
               18680          1.49703e-18
               18690          1.49313e-18
               18700          1.48975e-18
               18710          1.48691e-18
               18720          1.48459e-18
               18730          1.48281e-18
               18740          1.48156e-18
               18750          1.48085e-18
               18760          1.48068e-18
               18770          1.48105e-18
               18780          1.48198e-18
               18790          1.48346e-18
               18800          1.48551e-18
               18810          1.48814e-18
               18820          1.49136e-18
               18830          1.49518e-18
               18840          1.49961e-18
               18850          1.50467e-18
               18860          1.51037e-18
               18870          1.51674e-18
               18880          1.52379e-18
               18890          1.53154e-18
               18900          1.54001e-18
               18910          1.54924e-18
               18920          1.55925e-18
               18930          1.57007e-18
               18940          1.58173e-18
               18950          1.59427e-18
               18960          1.60772e-18
               18970          1.62214e-18
               18980          1.63756e-18
               18990          1.65403e-18
               19000          1.67161e-18
               19010          1.69036e-18
               19020          1.71034e-18
               19030          1.73163e-18
               19040           1.7543e-18
               19050          1.77843e-18
               19060          1.80413e-18
               19070          1.83148e-18
               19080          1.86061e-18
               19090          1.89165e-18
               19100          1.92472e-18
               19110          1.95999e-18
               19120          1.99762e-18
               19130          2.03781e-18
               19140          2.08078e-18
               19150          2.12677e-18
               19160          2.17606e-18
               19170          2.22896e-18
               19180          2.28582e-18
               19190          2.34708e-18
               19200           2.4132e-18
               19210          2.48475e-18
               19220           2.5624e-18
               19230          2.64694e-18
               19240          2.73933e-18
               19250          2.84077e-18
               19260          2.95275e-18
               19270          3.07723e-18
               19280          3.21687e-18
               19290          3.37547e-18
               19300          3.55871e-18
               19310          3.77558e-18
               19320          4.04061e-18
               19330          4.37769e-18
               19340          4.82547e-18
               19350          5.44473e-18
               19360          6.32636e-18
               19370          7.59784e-18
               19380          9.42351e-18
               19390           1.1993e-17
               19400          1.54926e-17
               19410          2.00567e-17
               19420          2.57065e-17
               19430          3.22887e-17
               19440          3.94381e-17
               19450          4.65861e-17
               19460           5.3031e-17
               19470           5.8063e-17
               19480          6.11198e-17
               19490          6.19296e-17
               19500          6.06011e-17
               19510          5.76395e-17
               19520          5.38944e-17
               19530          5.04768e-17
               19540          4.86914e-17
               19550          5.00207e-17
               19560           5.6167e-17
               19570          6.91083e-17
               19580          9.10875e-17
               19590          1.24433e-16
               19600          1.71132e-16
               19610          2.32154e-16
               19620          3.06645e-16
               19630          3.91227e-16
               19640          4.79724e-16
               19650          5.63588e-16
               19660          6.33113e-16
               19670          6.79249e-16
               19680          6.95558e-16
               19690          6.79723e-16
               19700           6.3412e-16
               19710          5.65257e-16
               19720          4.82278e-16
               19730          3.95008e-16
               19740          3.12132e-16
               19750          2.39957e-16
               19760           1.8195e-16
               19770          1.38943e-16
               19780          1.09784e-16
               19790          9.20946e-17
               19800          8.29574e-17
               19810          7.94179e-17
               19820          7.88091e-17
               19830          7.89476e-17
               19840           7.8247e-17
               19850          7.57668e-17
               19860          7.11933e-17
               19870          6.47451e-17
               19880          5.70144e-17
               19890          4.87744e-17
               19900          4.07978e-17
               19910          3.37301e-17
               19920          2.80407e-17
               19930          2.40539e-17
               19940          2.20373e-17
               19950           2.2312e-17
               19960          2.53424e-17
               19970          3.17591e-17
               19980          4.22815e-17
               19990          5.75213e-17
               20000          7.76898e-17
               20010           1.0228e-16
               20020           1.2984e-16
               20030          1.57955e-16
               20040          1.83546e-16
               20050          2.03452e-16
               20060          2.15181e-16
               20070          2.17626e-16
               20080           2.1151e-16
               20090          1.99461e-16
               20100          1.85684e-16
               20110          1.75397e-16
               20120          1.74174e-16
               20130          1.87313e-16
               20140          2.19257e-16
               20150          2.72972e-16
               20160          3.49227e-16
               20170          4.45841e-16
               20180          5.57094e-16
               20190          6.73669e-16
               20200          7.83431e-16
               20210          8.73136e-16
               20220          9.30825e-16
               20230          9.48298e-16
               20240          9.22935e-16
               20250          8.58274e-16
               20260          7.63129e-16
               20270          6.49552e-16
               20280          5.30268e-16
               20290          4.16344e-16
               20300          3.15659e-16
               20310          2.32391e-16
               20320          1.67404e-16
               20330           1.1917e-16
               20340          8.48537e-17
               20350          6.12344e-17
               20360          4.53317e-17
               20370          3.47183e-17
               20380           2.7593e-17
               20390          2.27116e-17
               20400          1.92608e-17
               20410          1.67295e-17
               20420          1.48039e-17
               20430          1.32923e-17
               20440          1.20761e-17
               20450          1.10796e-17
               20460          1.02529e-17
               20470          9.56163e-18
               20480          8.98152e-18
               20490           8.4949e-18
               20500          8.08894e-18
               20510          7.75451e-18
               20520          7.48571e-18
               20530          7.27979e-18
               20540          7.13772e-18
               20550          7.06544e-18
               20560          7.07606e-18
               20570          7.19312e-18
               20580          7.45481e-18
               20590          7.91833e-18
               20600          8.66283e-18
               20610          9.78839e-18
               20620          1.14082e-17
               20630           1.3632e-17
               20640          1.65427e-17
               20650          2.01711e-17
               20660          2.44832e-17
               20670          2.93923e-17
               20680          3.48125e-17
               20690          4.07541e-17
               20700          4.74487e-17
               20710          5.54655e-17
               20720          6.57677e-17
               20730          7.96486e-17
               20740          9.85081e-17
               20750          1.23467e-16
               20760          1.54885e-16
               20770          1.91901e-16
               20780          2.32175e-16
               20790          2.71965e-16
               20800          3.06631e-16
               20810          3.31493e-16
               20820          3.42833e-16
               20830          3.38763e-16
               20840          3.19676e-16
               20850          2.88137e-16
               20860           2.4826e-16
               20870          2.04771e-16
               20880          1.62069e-16
               20890          1.23514e-16
               20900          9.10979e-17
               20910          6.54925e-17
               20920          4.63457e-17
               20930          3.26902e-17
               20940          2.33217e-17
               20950          1.70746e-17
               20960          1.29731e-17
               20970          1.02808e-17
               20980          8.48451e-18
               20990          7.24837e-18
               21000          6.36271e-18
               21010           5.7007e-18
               21020           5.1866e-18
               21030          4.77487e-18
               21040          4.43741e-18
               21050          4.15614e-18
               21060          3.91893e-18
               21070          3.71721e-18
               21080          3.54473e-18
               21090          3.39681e-18
               21100          3.26986e-18
               21110          3.16109e-18
               21120          3.06834e-18
               21130           2.9899e-18
               21140          2.92448e-18
               21150          2.87107e-18
               21160          2.82898e-18
               21170          2.79772e-18
               21180          2.77706e-18
               21190          2.76696e-18
               21200          2.76766e-18
               21210          2.77961e-18
               21220          2.80359e-18
               21230          2.84076e-18
               21240          2.89279e-18
               21250          2.96209e-18
               21260          3.05221e-18
               21270          3.16847e-18
               21280          3.31907e-18
               21290          3.51682e-18
               21300          3.78162e-18
               21310          4.14405e-18
               21320           4.6497e-18
               21330          5.36409e-18
               21340          6.37764e-18
               21350          7.81005e-18
               21360          9.81451e-18
               21370          1.25827e-17
               21380          1.63525e-17
               21390          2.14192e-17
               21400          2.81463e-17
               21410          3.69647e-17
               21420           4.8341e-17
               21430          6.26924e-17
               21440          8.02377e-17
               21450          1.00798e-16
               21460          1.23603e-16
               21470          1.47175e-16
               21480          1.69387e-16
               21490          1.87736e-16
               21500          1.99798e-16
               21510          2.03759e-16
               21520          1.98862e-16
               21530          1.85617e-16
               21540          1.65698e-16
               21550          1.41563e-16
               21560          1.15922e-16
               21570          9.12113e-17
               21580          6.92278e-17
               21590          5.09731e-17
               21600          3.67092e-17
               21610          2.61466e-17
               21620          1.86808e-17
               21630          1.36026e-17
               21640           1.0246e-17
               21650          8.06446e-18
               21660          6.65166e-18
               21670          5.72807e-18
               21680          5.11275e-18
               21690          4.69408e-18
               21700          4.40552e-18
               21710          4.20839e-18
               21720          4.08077e-18
               21730          4.01106e-18
               21740          3.99467e-18
               21750          4.03286e-18
               21760          4.13328e-18
               21770          4.31211e-18
               21780          4.59791e-18
               21790           5.0377e-18
               21800          5.70544e-18
               21810          6.71275e-18
               21820          8.22122e-18
               21830          1.04537e-17
               21840             1.37e-17
               21850          1.83105e-17
               21860          2.46672e-17
               21870          3.31246e-17
               21880          4.39152e-17
               21890          5.70289e-17
               21900           7.2089e-17
               21910          8.82681e-17
               21920           1.0429e-16
               21930          1.18553e-16
               21940          1.29381e-16
               21950          1.35343e-16
               21960           1.3558e-16
               21970          1.30012e-16
               21980          1.19379e-16
               21990           1.0508e-16
               22000          8.88796e-17
               22010          7.25522e-17
               22020          5.75907e-17
               22030           4.5026e-17
               22040          3.53867e-17
               22050          2.87671e-17
               22060          2.49497e-17
               22070          2.35303e-17
               22080          2.40154e-17
               22090          2.58861e-17
               22100          2.86438e-17
               22110          3.18608e-17
               22120           3.5249e-17
               22130          3.87447e-17
               22140          4.25894e-17
               22150          4.73715e-17
               22160          5.39918e-17
               22170           6.3531e-17
               22180          7.70233e-17
               22190          9.51762e-17
               22200          1.18116e-16
               22210          1.45249e-16
               22220          1.75321e-16
               22230          2.06686e-16
               22240          2.37711e-16
               22250           2.6718e-16
               22260          2.94504e-16
               22270          3.19632e-16
               22280          3.42651e-16
               22290          3.63263e-16
               22300          3.80365e-16
               22310           3.9199e-16
               22320          3.95686e-16
               22330          3.89247e-16
               22340          3.71514e-16
               22350          3.42946e-16
               22360          3.05729e-16
               22370          2.63395e-16
               22380           2.2009e-16
               22390          1.79742e-16
               22400          1.45381e-16
               22410          1.18753e-16
               22420          1.00255e-16
               22430          8.91266e-17
               22440          8.37915e-17
               22450          8.22412e-17
               22460          8.24083e-17
               22470           8.2481e-17
               22480          8.11371e-17
               22490           7.7675e-17
               22500          7.20293e-17
               22510          6.46763e-17
               22520           5.6456e-17
               22530          4.83595e-17
               22540          4.13303e-17
               22550          3.61167e-17
               22560          3.31863e-17
               22570          3.26957e-17
               22580          3.44945e-17
               22590          3.81524e-17
               22600          4.30058e-17
               22610          4.82336e-17
               22620          5.29679e-17
               22630          5.64347e-17
               22640          5.80984e-17
               22650          5.77748e-17
               22660           5.5674e-17
               22670          5.23542e-17
               22680          4.85919e-17
               22690          4.52014e-17
               22700          4.28489e-17
               22710          4.19095e-17
               22720          4.24001e-17
               22730          4.40035e-17
               22740          4.61724e-17
               22750          4.82877e-17
               22760          4.98249e-17
               22770           5.0486e-17
               22780          5.02575e-17
               22790          4.93809e-17
               22800          4.82484e-17
               22810          4.72611e-17
               22820          4.67002e-17
               22830          4.66553e-17
               22840          4.70278e-17
               22850          4.76012e-17
               22860          4.81423e-17
               22870          4.84906e-17
               22880          4.86014e-17
               22890          4.85349e-17
               22900          4.84044e-17
               22910          4.83153e-17
               22920          4.83235e-17
               22930          4.84263e-17
               22940          4.85831e-17
               22950          4.87466e-17
               22960          4.88869e-17
               22970          4.89991e-17
               22980          4.90957e-17
               22990          4.91929e-17
               23000          4.93008e-17
               23010          4.94201e-17
               23020          4.95453e-17
               23030          4.96688e-17
               23040          4.97835e-17
               23050          4.98814e-17
               23060          4.99506e-17
               23070          4.99715e-17
               23080          4.99128e-17
               23090          4.97288e-17
               23100          4.93568e-17
               23110          4.87187e-17
               23120          4.77246e-17
               23130          4.62835e-17
               23140          4.43182e-17
               23150          4.17848e-17
               23160          3.86897e-17
               23170          3.51022e-17
               23180          3.11557e-17
               23190          2.70366e-17
               23200           2.2965e-17
               23210          1.91757e-17
               23220          1.59153e-17
               23230          1.34803e-17
               23240          1.23309e-17
               23250          1.33276e-17
               23260          1.81494e-17
               23270          2.99458e-17
               23280          5.42184e-17
               23290          9.98094e-17
               23300           1.7966e-16
               23310          3.10768e-16
               23320          5.12621e-16
               23330           8.0351e-16
               23340          1.19471e-15
               23350          1.68353e-15
               23360          2.24727e-15
               23370          2.84092e-15
               23380          3.40093e-15
               23390          3.85556e-15
               23400          4.13994e-15
               23410          4.21155e-15
               23420          4.06099e-15
               23430          3.71419e-15
               23440          3.22539e-15
               23450          2.66337e-15
               23460          2.09573e-15
               23470          1.57613e-15
               23480          1.13761e-15
               23490          7.92354e-16
               23500          5.36248e-16
               23510          3.55504e-16
               23520          2.32848e-16
               23530          1.51874e-16
               23540          9.92596e-17
               23550          6.52746e-17
               23560          4.33154e-17
               23570          2.90969e-17
               23580          1.98846e-17
               23590          1.39248e-17
               23600          1.00753e-17
               23610          7.58337e-18
               23620          5.95407e-18
               23630           4.8666e-18
               23640          4.11779e-18
               23650          3.58193e-18
               23660          3.18273e-18
               23670          2.87418e-18
               23680          2.62834e-18
               23690          2.42783e-18
               23700          2.26146e-18
               23710           2.1217e-18
               23720          2.00325e-18
               23730          1.90228e-18
               23740          1.81591e-18
               23750          1.74195e-18
               23760          1.67869e-18
               23770          1.62482e-18
               23780          1.57929e-18
               23790          1.54132e-18
               23800          1.51029e-18
               23810          1.48575e-18
               23820          1.46741e-18
               23830           1.4551e-18
               23840          1.44876e-18
               23850           1.4485e-18
               23860          1.45454e-18
               23870          1.46729e-18
               23880          1.48735e-18
               23890           1.5156e-18
               23900          1.55328e-18
               23910          1.60222e-18
               23920          1.66511e-18
               23930          1.74606e-18
               23940          1.85151e-18
               23950          1.99162e-18
               23960          2.18254e-18
               23970          2.44971e-18
               23980          2.83258e-18
               23990          3.39106e-18
               24000          4.21374e-18
               24010          5.42767e-18
               24020          7.20838e-18
               24030          9.78749e-18
               24040          1.34527e-17
               24050          1.85333e-17
               24060          2.53628e-17
               24070          3.42134e-17
               24080          4.52044e-17
               24090          5.81977e-17
               24100          7.27073e-17
               24110          8.78585e-17
               24120          1.02429e-16
               24130          1.14988e-16
               24140          1.24119e-16
               24150          1.28684e-16
               24160          1.28057e-16
               24170          1.22269e-16
               24180          1.12004e-16
               24190          9.84701e-17
               24200          8.31517e-17
               24210           6.7538e-17
               24220          5.28836e-17
               24230          4.00577e-17
               24240          2.95018e-17
               24250          2.12789e-17
               24260          1.51797e-17
               24270          1.08446e-17
               24280          7.87032e-18
               24290          5.88257e-18
               24300          4.57435e-18
               24310          3.71585e-18
               24320          3.14705e-18
               24330          2.76289e-18
               24340          2.49746e-18
               24350          2.31077e-18
               24360          2.17912e-18
               24370          2.08879e-18
               24380          2.03221e-18
               24390          2.00599e-18
               24400          2.01017e-18
               24410           2.0485e-18
               24420          2.12981e-18
               24430          2.27084e-18
               24440          2.50084e-18
               24450          2.86857e-18
               24460          3.45179e-18
               24470          4.36829e-18
               24480          5.78616e-18
               24490          7.92823e-18
               24500          1.10638e-17
               24510          1.54794e-17
               24520          2.14239e-17
               24530          2.90283e-17
               24540          3.82142e-17
               24550          4.86154e-17
               24560          5.95445e-17
               24570          7.00337e-17
               24580          7.89604e-17
               24590          8.52425e-17
               24600          8.80557e-17
               24610          8.70153e-17
               24620           8.2264e-17
               24630          7.44399e-17
               24640          6.45335e-17
               24650          5.36787e-17
               24660          4.29398e-17
               24670           3.3148e-17
               24680          2.48204e-17
               24690          1.81607e-17
               24700          1.31218e-17
               24710          9.49635e-18
               24720          7.00649e-18
               24730          5.37373e-18
               24740          4.36229e-18
               24750          3.79957e-18
               24760          3.58152e-18
               24770           3.6713e-18
               24780          4.09672e-18
               24790          4.94826e-18
               24800          6.37481e-18
               24810          8.57149e-18
               24820           1.1752e-17
               24830          1.61009e-17
               24840          2.17069e-17
               24850          2.84888e-17
               24860          3.61356e-17
               24870          4.40869e-17
               24880          5.15776e-17
               24890          5.77484e-17
               24900          6.18077e-17
               24910          6.32009e-17
               24920          6.17371e-17
               24930          5.76347e-17
               24940          5.14691e-17
               24950           4.4041e-17
               24960          3.62093e-17
               24970          2.87365e-17
               24980          2.21876e-17
               24990          1.68976e-17
               25000          1.30004e-17
               25010          1.04957e-17
               25020          9.32455e-18
               25030          9.42811e-18
               25040          1.07739e-17
               25050           1.3344e-17
               25060          1.70912e-17
               25070          2.18778e-17
               25080          2.74198e-17
               25090          3.32626e-17
               25100          3.88063e-17
               25110          4.33875e-17
               25120          4.64014e-17
               25130          4.74329e-17
               25140          4.63564e-17
               25150          4.33716e-17
               25160          3.89652e-17
               25170          3.38124e-17
               25180          2.86488e-17
               25190            2.415e-17
               25200          2.08433e-17
               25210          1.90598e-17
               25220          1.89188e-17
               25230          2.03321e-17
               25240           2.3019e-17
               25250          2.65343e-17
               25260          3.03153e-17
               25270          3.37576e-17
               25280          3.63135e-17
               25290          3.75975e-17
               25300          3.74692e-17
               25310          3.60682e-17
               25320          3.37836e-17
               25330          3.11641e-17
               25340          2.87903e-17
               25350          2.71424e-17
               25360          2.64969e-17
               25370          2.68762e-17
               25380          2.80618e-17
               25390           2.9666e-17
               25400          3.12426e-17
               25410          3.24076e-17
               25420          3.29361e-17
               25430          3.28096e-17
               25440          3.21981e-17
               25450          3.13868e-17
               25460           3.0673e-17
               25470          3.02698e-17
               25480          3.02496e-17
               25490          3.05435e-17
               25500          3.09915e-17
               25510          3.14177e-17
               25520          3.16982e-17
               25530          3.17966e-17
               25540          3.17567e-17
               25550          3.16649e-17
               25560          3.16031e-17
               25570          3.16153e-17
               25580          3.17005e-17
               25590          3.18272e-17
               25600          3.19581e-17
               25610          3.20695e-17
               25620          3.21574e-17
               25630          3.22318e-17
               25640          3.23061e-17
               25650          3.23885e-17
               25660          3.24797e-17
               25670          3.25758e-17
               25680          3.26714e-17
               25690          3.27618e-17
               25700          3.28426e-17
               25710          3.29075e-17
               25720          3.29449e-17
               25730          3.29362e-17
               25740          3.28524e-17
               25750          3.26533e-17
               25760          3.22863e-17
               25770          3.16892e-17
               25780          3.07957e-17
               25790          2.95455e-17
               25800          2.78982e-17
               25810          2.58458e-17
               25820          2.34242e-17
               25830          2.07153e-17
               25840          1.78424e-17
               25850          1.49576e-17
               25860          1.22292e-17
               25870          9.84443e-18
               25880          8.04679e-18
               25890          7.24628e-18
               25900          8.25315e-18
               25910          1.27045e-17
               25920          2.37523e-17
               25930          4.70378e-17
               25940          9.18496e-17
               25950          1.72142e-16
               25960          3.06797e-16
               25970          5.18301e-16
               25980          8.29043e-16
               25990          1.25499e-15
               26000           1.7976e-15
               26010          2.43612e-15
               26020          3.12351e-15
               26030          3.78891e-15
               26040           4.3482e-15
               26050          4.72093e-15
               26060          4.84915e-15
               26070           4.7122e-15
               26080          4.33214e-15
               26090          3.76791e-15
               26100          3.10042e-15
               26110          2.41359e-15
               26120          1.77759e-15
               26130           1.2386e-15
               26140          8.16533e-16
               26150          5.09304e-16
               26160          3.00596e-16
               26170           1.6791e-16
               26180          8.88051e-17
               26190          4.45125e-17
               26200          2.11923e-17
               26210           9.6356e-18
               26220          4.24017e-18
               26230          1.86471e-18
               26240          8.76884e-19
               26250          4.87607e-19
               26260          3.40999e-19
               26270          2.86996e-19
               26280          2.66333e-19
               26290          2.57054e-19
               26300          2.51516e-19
               26310          2.47218e-19
               26320           2.4338e-19
               26330          2.39773e-19
               26340          2.36326e-19
               26350          2.33016e-19
               26360          2.29831e-19
               26370          2.26763e-19
               26380          2.23805e-19
               26390          2.20951e-19
               26400          2.18195e-19
               26410          2.15532e-19
               26420          2.12956e-19
               26430          2.10464e-19
               26440          2.08052e-19
               26450          2.05714e-19
               26460          2.03448e-19
               26470          2.01249e-19
               26480          1.99116e-19
               26490          1.97044e-19
               26500          1.95031e-19
               26510          1.93074e-19
               26520          1.91171e-19
               26530          1.89319e-19
               26540          1.87516e-19
               26550          1.85761e-19
               26560           1.8405e-19
               26570          1.82383e-19
               26580          1.80757e-19
               26590           1.7917e-19
               26600          1.77622e-19
               26610          1.76111e-19
               26620          1.74635e-19
               26630          1.73193e-19
               26640          1.71783e-19
               26650          1.70405e-19
               26660          1.69057e-19
               26670          1.67739e-19
               26680          1.66448e-19
               26690          1.65185e-19
               26700          1.63949e-19
               26710          1.62737e-19
               26720           1.6155e-19
               26730          1.60387e-19
               26740          1.59246e-19
               26750          1.58128e-19
               26760          1.57031e-19
               26770          1.55955e-19
               26780          1.54899e-19
               26790          1.53863e-19
               26800          1.52846e-19
               26810          1.51846e-19
               26820          1.50865e-19
               26830          1.49901e-19
               26840          1.48953e-19
               26850          1.48022e-19
               26860          1.47107e-19
               26870          1.46207e-19
               26880          1.45321e-19
               26890          1.44451e-19
               26900          1.43594e-19
               26910          1.42751e-19
               26920          1.41922e-19
               26930          1.41105e-19
               26940          1.40301e-19
               26950           1.3951e-19
               26960           1.3873e-19
               26970          1.37962e-19
               26980          1.37205e-19
               26990           1.3646e-19
               27000          1.35725e-19
               27010          1.35001e-19
               27020          1.34287e-19
               27030          1.33584e-19
               27040           1.3289e-19
               27050          1.32205e-19
               27060           1.3153e-19
               27070          1.30864e-19
               27080          1.30207e-19
               27090          1.29559e-19
               27100          1.28919e-19
               27110          1.28288e-19
               27120          1.27665e-19
               27130           1.2705e-19
               27140          1.26442e-19
               27150          1.25842e-19
               27160           1.2525e-19
               27170          1.24665e-19
               27180          1.24087e-19
               27190          1.23516e-19
               27200          1.22951e-19
               27210          1.22394e-19
               27220          1.21843e-19
               27230          1.21299e-19
               27240           1.2076e-19
               27250          1.20228e-19
               27260          1.19703e-19
               27270          1.19183e-19
               27280          1.18668e-19
               27290           1.1816e-19
               27300          1.17657e-19
               27310           1.1716e-19
               27320          1.16668e-19
               27330          1.16181e-19
               27340            1.157e-19
               27350          1.15223e-19
               27360          1.14752e-19
               27370          1.14285e-19
               27380          1.13824e-19
               27390          1.13367e-19
               27400          1.12914e-19
               27410          1.12467e-19
               27420          1.12023e-19
               27430          1.11585e-19
               27440           1.1115e-19
               27450           1.1072e-19
               27460          1.10294e-19
               27470          1.09872e-19
               27480          1.09454e-19
               27490           1.0904e-19
               27500           1.0863e-19
               27510          1.08224e-19
               27520          1.07822e-19
               27530          1.07423e-19
               27540          1.07028e-19
               27550          1.06637e-19
               27560          1.06249e-19
               27570          1.05865e-19
               27580          1.05484e-19
               27590          1.05106e-19
               27600          1.04732e-19
               27610          1.04361e-19
               27620          1.03994e-19
               27630          1.03629e-19
               27640          1.03268e-19
               27650           1.0291e-19
               27660          1.02554e-19
               27670          1.02202e-19
               27680          1.01853e-19
               27690          1.01507e-19
               27700          1.01163e-19
               27710          1.00823e-19
               27720          1.00485e-19
               27730           1.0015e-19
               27740          9.98173e-20
               27750          9.94876e-20
               27760          9.91605e-20
               27770           9.8836e-20
               27780           9.8514e-20
               27790          9.81946e-20
               27800          9.78777e-20
               27810          9.75632e-20
               27820          9.72512e-20
               27830          9.69415e-20
               27840          9.66342e-20
               27850          9.63293e-20
               27860          9.60266e-20
               27870          9.57262e-20
               27880           9.5428e-20
               27890          9.51321e-20
               27900          9.48383e-20
               27910          9.45467e-20
               27920          9.42572e-20
               27930          9.39698e-20
               27940          9.36845e-20
               27950          9.34012e-20
               27960          9.31199e-20
               27970          9.28407e-20
               27980          9.25634e-20
               27990           9.2288e-20
               28000          9.20146e-20
               28010          9.17431e-20
               28020          9.14735e-20
               28030          9.12057e-20
               28040          9.09397e-20
               28050          9.06756e-20
               28060          9.04132e-20
               28070          9.01526e-20
               28080          8.98938e-20
               28090          8.96367e-20
               28100          8.93813e-20
               28110          8.91276e-20
               28120          8.88755e-20
               28130          8.86251e-20
               28140          8.83764e-20
               28150          8.81292e-20
               28160          8.78837e-20
               28170          8.76397e-20
               28180          8.73973e-20
               28190          8.71564e-20
               28200           8.6917e-20
               28210          8.66792e-20
               28220          8.64429e-20
               28230           8.6208e-20
               28240          8.59746e-20
               28250          8.57426e-20
               28260          8.55121e-20
               28270           8.5283e-20
               28280          8.50552e-20
               28290          8.48289e-20
               28300          8.46039e-20
               28310          8.43803e-20
               28320          8.41581e-20
               28330          8.39371e-20
               28340          8.37175e-20
               28350          8.34992e-20
               28360          8.32822e-20
               28370          8.30664e-20
               28380          8.28519e-20
               28390          8.26387e-20
               28400          8.24267e-20
               28410          8.22159e-20
               28420          8.20063e-20
               28430           8.1798e-20
               28440          8.15908e-20
               28450          8.13848e-20
               28460            8.118e-20
               28470          8.09763e-20
               28480          8.07737e-20
               28490          8.05723e-20
               28500          8.03721e-20
               28510          8.01729e-20
               28520          7.99748e-20
               28530          7.97779e-20
               28540           7.9582e-20
               28550          7.93872e-20
               28560          7.91934e-20
               28570          7.90007e-20
               28580           7.8809e-20
               28590          7.86184e-20
               28600          7.84288e-20
               28610          7.82402e-20
               28620          7.80526e-20
               28630           7.7866e-20
               28640          7.76804e-20
               28650          7.74957e-20
               28660          7.73121e-20
               28670          7.71293e-20
               28680          7.69476e-20
               28690          7.67668e-20
               28700          7.65869e-20
               28710          7.64079e-20
               28720          7.62299e-20
               28730          7.60528e-20
               28740          7.58766e-20
               28750          7.57012e-20
               28760          7.55268e-20
               28770          7.53532e-20
               28780          7.51805e-20
               28790          7.50087e-20
               28800          7.48378e-20
               28810          7.46676e-20
               28820          7.44984e-20
               28830          7.43299e-20
               28840          7.41623e-20
               28850          7.39956e-20
               28860          7.38296e-20
               28870          7.36644e-20
               28880          7.35001e-20
               28890          7.33365e-20
               28900          7.31738e-20
               28910          7.30118e-20
               28920          7.28506e-20
               28930          7.26901e-20
               28940          7.25305e-20
               28950          7.23716e-20
               28960          7.22134e-20
               28970           7.2056e-20
               28980          7.18993e-20
               28990          7.17434e-20
               29000          7.15882e-20
               29010          7.14337e-20
               29020          7.12799e-20
               29030          7.11269e-20
               29040          7.09745e-20
               29050          7.08229e-20
               29060           7.0672e-20
               29070          7.05217e-20
               29080          7.03721e-20
               29090          7.02232e-20
               29100           7.0075e-20
               29110          6.99275e-20
               29120          6.97806e-20
               29130          6.96344e-20
               29140          6.94888e-20
               29150          6.93439e-20
               29160          6.91997e-20
               29170           6.9056e-20
               29180          6.89131e-20
               29190          6.87707e-20
               29200           6.8629e-20
               29210          6.84879e-20
               29220          6.83474e-20
               29230          6.82075e-20
               29240          6.80682e-20
               29250          6.79296e-20
               29260          6.77915e-20
               29270          6.76541e-20
               29280          6.75172e-20
               29290          6.73809e-20
               29300          6.72452e-20
               29310          6.71101e-20
               29320          6.69756e-20
               29330          6.68416e-20
               29340          6.67082e-20
               29350          6.65754e-20
               29360          6.64431e-20
               29370          6.63114e-20
               29380          6.61802e-20
               29390          6.60496e-20
               29400          6.59195e-20
               29410            6.579e-20
               29420           6.5661e-20
               29430          6.55325e-20
               29440          6.54046e-20
               29450          6.52772e-20
               29460          6.51503e-20
               29470          6.50239e-20
               29480          6.48981e-20
               29490          6.47728e-20
               29500           6.4648e-20
               29510          6.45236e-20
               29520          6.43998e-20
               29530          6.42765e-20
               29540          6.41537e-20
               29550          6.40314e-20
               29560          6.39095e-20
               29570          6.37882e-20
               29580          6.36673e-20
               29590          6.35469e-20
               29600           6.3427e-20
               29610          6.33076e-20
               29620          6.31886e-20
               29630          6.30702e-20
               29640          6.29521e-20
               29650          6.28346e-20
               29660          6.27175e-20
               29670          6.26008e-20
               29680          6.24846e-20
               29690          6.23689e-20
               29700          6.22536e-20
               29710          6.21387e-20
               29720          6.20243e-20
               29730          6.19104e-20
               29740          6.17968e-20
               29750          6.16837e-20
               29760          6.15711e-20
               29770          6.14588e-20
               29780           6.1347e-20
               29790          6.12357e-20
               29800          6.11247e-20
               29810          6.10142e-20
               29820           6.0904e-20
               29830          6.07943e-20
               29840           6.0685e-20
               29850          6.05761e-20
               29860          6.04676e-20
               29870          6.03596e-20
               29880          6.02519e-20
               29890          6.01446e-20
               29900          6.00377e-20
               29910          5.99312e-20
               29920          5.98251e-20
               29930          5.97194e-20
               29940          5.96141e-20
               29950          5.95092e-20
               29960          5.94047e-20
               29970          5.93005e-20
               29980          5.91967e-20
               29990          5.90933e-20
               30000          5.89903e-20
               30010          5.88876e-20
               30020          5.87853e-20
               30030          5.86834e-20
               30040          5.85818e-20
               30050          5.84806e-20
               30060          5.83798e-20
               30070          5.82793e-20
               30080          5.81792e-20
               30090          5.80795e-20
               30100          5.79801e-20
               30110           5.7881e-20
               30120          5.77823e-20
               30130           5.7684e-20
               30140           5.7586e-20
               30150          5.74883e-20
               30160           5.7391e-20
               30170           5.7294e-20
               30180          5.71974e-20
               30190          5.71011e-20
               30200          5.70051e-20
               30210          5.69095e-20
               30220          5.68142e-20
               30230          5.67192e-20
               30240          5.66245e-20
               30250          5.65302e-20
               30260          5.64362e-20
               30270          5.63426e-20
               30280          5.62492e-20
               30290          5.61562e-20
               30300          5.60635e-20
               30310          5.59711e-20
               30320           5.5879e-20
               30330          5.57872e-20
               30340          5.56957e-20
               30350          5.56046e-20
               30360          5.55138e-20
               30370          5.54232e-20
               30380           5.5333e-20
               30390          5.52431e-20
               30400          5.51534e-20
               30410          5.50641e-20
               30420          5.49751e-20
               30430          5.48863e-20
               30440          5.47979e-20
               30450          5.47098e-20
               30460          5.46219e-20
               30470          5.45343e-20
               30480          5.44471e-20
               30490          5.43601e-20
               30500          5.42734e-20
               30510           5.4187e-20
               30520          5.41008e-20
               30530           5.4015e-20
               30540          5.39294e-20
               30550          5.38441e-20
               30560          5.37591e-20
               30570          5.36744e-20
               30580          5.35899e-20
               30590          5.35057e-20
               30600          5.34218e-20
               30610          5.33382e-20
               30620          5.32548e-20
               30630          5.31717e-20
               30640          5.30889e-20
               30650          5.30063e-20
               30660           5.2924e-20
               30670          5.28419e-20
               30680          5.27602e-20
               30690          5.26786e-20
               30700          5.25974e-20
               30710          5.25164e-20
               30720          5.24356e-20
               30730          5.23551e-20
               30740          5.22749e-20
               30750          5.21949e-20
               30760          5.21152e-20
               30770          5.20357e-20
               30780          5.19565e-20
               30790          5.18775e-20
               30800          5.17987e-20
               30810          5.17202e-20
               30820           5.1642e-20
               30830           5.1564e-20
               30840          5.14862e-20
               30850          5.14087e-20
               30860          5.13314e-20
               30870          5.12544e-20
               30880          5.11776e-20
               30890           5.1101e-20
               30900          5.10247e-20
               30910          5.09486e-20
               30920          5.08727e-20
               30930          5.07971e-20
               30940          5.07217e-20
               30950          5.06465e-20
               30960          5.05716e-20
               30970          5.04969e-20
               30980          5.04224e-20
               30990          5.03481e-20
               31000          5.02741e-20
               31010          5.02003e-20
               31020          5.01267e-20
               31030          5.00534e-20
               31040          4.99802e-20
               31050          4.99073e-20
               31060          4.98346e-20
               31070          4.97621e-20
               31080          4.96898e-20
               31090          4.96178e-20
               31100          4.95459e-20
               31110          4.94743e-20
               31120          4.94029e-20
               31130          4.93317e-20
               31140          4.92607e-20
               31150            4.919e-20
               31160          4.91194e-20
               31170           4.9049e-20
               31180          4.89789e-20
               31190           4.8909e-20
               31200          4.88392e-20
               31210          4.87697e-20
               31220          4.87004e-20
               31230          4.86312e-20
               31240          4.85623e-20
               31250          4.84936e-20
               31260          4.84251e-20
               31270          4.83568e-20
               31280          4.82887e-20
               31290          4.82207e-20
               31300           4.8153e-20
               31310          4.80855e-20
               31320          4.80182e-20
               31330           4.7951e-20
               31340          4.78841e-20
               31350          4.78173e-20
               31360          4.77508e-20
               31370          4.76844e-20
               31380          4.76182e-20
               31390          4.75522e-20
               31400          4.74864e-20
               31410          4.74208e-20
               31420          4.73554e-20
               31430          4.72902e-20
               31440          4.72251e-20
               31450          4.71603e-20
               31460          4.70956e-20
               31470          4.70311e-20
               31480          4.69668e-20
               31490          4.69026e-20
               31500          4.68387e-20
               31510          4.67749e-20
               31520          4.67113e-20
               31530          4.66479e-20
               31540          4.65847e-20
               31550          4.65216e-20
               31560          4.64587e-20
               31570           4.6396e-20
               31580          4.63335e-20
               31590          4.62712e-20
               31600           4.6209e-20
               31610           4.6147e-20
               31620          4.60851e-20
               31630          4.60235e-20
               31640           4.5962e-20
               31650          4.59007e-20
               31660          4.58395e-20
               31670          4.57785e-20
               31680          4.57177e-20
               31690          4.56571e-20
               31700          4.55966e-20
               31710          4.55363e-20
               31720          4.54762e-20
               31730          4.54162e-20
               31740          4.53564e-20
               31750          4.52967e-20
               31760          4.52372e-20
               31770          4.51779e-20
               31780          4.51187e-20
               31790          4.50597e-20
               31800          4.50009e-20
               31810          4.49422e-20
               31820          4.48837e-20
               31830          4.48253e-20
               31840          4.47671e-20
               31850          4.47091e-20
               31860          4.46512e-20
               31870          4.45934e-20
               31880          4.45359e-20
               31890          4.44784e-20
               31900          4.44212e-20
               31910           4.4364e-20
               31920          4.43071e-20
               31930          4.42503e-20
               31940          4.41936e-20
               31950          4.41371e-20
               31960          4.40808e-20
               31970          4.40245e-20
               31980          4.39685e-20
               31990          4.39126e-20
               32000          4.38568e-20
               32010          4.38012e-20
               32020          4.37458e-20
               32030          4.36904e-20
               32040          4.36353e-20
               32050          4.35802e-20
               32060          4.35254e-20
               32070          4.34706e-20
               32080          4.34161e-20
               32090          4.33616e-20
               32100          4.33073e-20
               32110          4.32531e-20
               32120          4.31991e-20
               32130          4.31453e-20
               32140          4.30915e-20
               32150          4.30379e-20
               32160          4.29845e-20
               32170          4.29312e-20
               32180           4.2878e-20
               32190          4.28249e-20
               32200           4.2772e-20
               32210          4.27193e-20
               32220          4.26667e-20
               32230          4.26142e-20
               32240          4.25618e-20
               32250          4.25096e-20
               32260          4.24575e-20
               32270          4.24056e-20
               32280          4.23538e-20
               32290          4.23021e-20
               32300          4.22505e-20
               32310          4.21991e-20
               32320          4.21478e-20
               32330          4.20967e-20
               32340          4.20457e-20
               32350          4.19948e-20
               32360           4.1944e-20
               32370          4.18934e-20
               32380          4.18429e-20
               32390          4.17925e-20
               32400          4.17423e-20
               32410          4.16922e-20
               32420          4.16422e-20
               32430          4.15923e-20
               32440          4.15426e-20
               32450           4.1493e-20
               32460          4.14435e-20
               32470          4.13941e-20
               32480          4.13449e-20
               32490          4.12958e-20
               32500          4.12468e-20
               32510          4.11979e-20
               32520          4.11492e-20
               32530          4.11006e-20
               32540          4.10521e-20
               32550          4.10037e-20
               32560          4.09555e-20
               32570          4.09073e-20
               32580          4.08593e-20
               32590          4.08114e-20
               32600          4.07637e-20
               32610           4.0716e-20
               32620          4.06685e-20
               32630          4.06211e-20
               32640          4.05738e-20
               32650          4.05266e-20
               32660          4.04795e-20
               32670          4.04326e-20
               32680          4.03858e-20
               32690          4.03391e-20
               32700          4.02925e-20
               32710           4.0246e-20
               32720          4.01996e-20
               32730          4.01534e-20
               32740          4.01072e-20
               32750          4.00612e-20
               32760          4.00153e-20
               32770          3.99695e-20
               32780          3.99238e-20
               32790          3.98782e-20
               32800          3.98328e-20
               32810          3.97874e-20
               32820          3.97422e-20
               32830           3.9697e-20
               32840           3.9652e-20
               32850          3.96071e-20
               32860          3.95623e-20
               32870          3.95176e-20
               32880           3.9473e-20
               32890          3.94286e-20
               32900          3.93842e-20
               32910          3.93399e-20
               32920          3.92958e-20
               32930          3.92518e-20
               32940          3.92078e-20
               32950           3.9164e-20
               32960          3.91203e-20
               32970          3.90766e-20
               32980          3.90331e-20
               32990          3.89897e-20
               33000          3.89464e-20
               33010          3.89032e-20
               33020          3.88601e-20
               33030          3.88171e-20
               33040          3.87742e-20
               33050          3.87314e-20
               33060          3.86888e-20
               33070          3.86462e-20
               33080          3.86037e-20
               33090          3.85613e-20
               33100           3.8519e-20
               33110          3.84769e-20
               33120          3.84348e-20
               33130          3.83928e-20
               33140          3.83509e-20
               33150          3.83092e-20
               33160          3.82675e-20
               33170          3.82259e-20
               33180          3.81844e-20
               33190           3.8143e-20
               33200          3.81017e-20
               33210          3.80606e-20
               33220          3.80195e-20
               33230          3.79785e-20
               33240          3.79376e-20
               33250          3.78968e-20
               33260          3.78561e-20
               33270          3.78155e-20
               33280           3.7775e-20
               33290          3.77346e-20
               33300          3.76942e-20
               33310           3.7654e-20
               33320          3.76139e-20
               33330          3.75738e-20
               33340          3.75339e-20
               33350           3.7494e-20
               33360          3.74543e-20
               33370          3.74146e-20
               33380           3.7375e-20
               33390          3.73356e-20
               33400          3.72962e-20
               33410          3.72569e-20
               33420          3.72177e-20
               33430          3.71786e-20
               33440          3.71395e-20
               33450          3.71006e-20
               33460          3.70618e-20
               33470           3.7023e-20
               33480          3.69844e-20
               33490          3.69458e-20
               33500          3.69073e-20
               33510          3.68689e-20
               33520          3.68306e-20
               33530          3.67924e-20
               33540          3.67543e-20
               33550          3.67162e-20
               33560          3.66783e-20
               33570          3.66404e-20
               33580          3.66026e-20
               33590          3.65649e-20
               33600          3.65273e-20
               33610          3.64898e-20
               33620          3.64524e-20
               33630           3.6415e-20
               33640          3.63778e-20
               33650          3.63406e-20
               33660          3.63035e-20
               33670          3.62665e-20
               33680          3.62296e-20
               33690          3.61927e-20
               33700           3.6156e-20
               33710          3.61193e-20
               33720          3.60827e-20
               33730          3.60462e-20
               33740          3.60098e-20
               33750          3.59734e-20
               33760          3.59372e-20
               33770           3.5901e-20
               33780          3.58649e-20
               33790          3.58289e-20
               33800           3.5793e-20
               33810          3.57571e-20
               33820          3.57214e-20
               33830          3.56857e-20
               33840          3.56501e-20
               33850          3.56146e-20
               33860          3.55791e-20
               33870          3.55437e-20
               33880          3.55085e-20
               33890          3.54733e-20
               33900          3.54381e-20
               33910          3.54031e-20
               33920          3.53681e-20
               33930          3.53332e-20
               33940          3.52984e-20
               33950          3.52637e-20
               33960           3.5229e-20
               33970          3.51945e-20
               33980            3.516e-20
               33990          3.51255e-20
               34000          3.50912e-20
               34010          3.50569e-20
               34020          3.50227e-20
               34030          3.49886e-20
               34040          3.49546e-20
               34050          3.49206e-20
               34060          3.48867e-20
               34070          3.48529e-20
               34080          3.48192e-20
               34090          3.47855e-20
               34100          3.47519e-20
               34110          3.47184e-20
               34120          3.46849e-20
               34130          3.46516e-20
               34140          3.46183e-20
               34150          3.45851e-20
               34160          3.45519e-20
               34170          3.45188e-20
               34180          3.44859e-20
               34190          3.44529e-20
               34200          3.44201e-20
               34210          3.43873e-20
               34220          3.43546e-20
               34230          3.43219e-20
               34240          3.42894e-20
               34250          3.42569e-20
               34260          3.42245e-20
               34270          3.41921e-20
               34280          3.41598e-20
               34290          3.41276e-20
               34300          3.40955e-20
               34310          3.40634e-20
               34320          3.40314e-20
               34330          3.39995e-20
               34340          3.39676e-20
               34350          3.39359e-20
               34360          3.39041e-20
               34370          3.38725e-20
               34380          3.38409e-20
               34390          3.38094e-20
               34400           3.3778e-20
               34410          3.37466e-20
               34420          3.37153e-20
               34430           3.3684e-20
               34440          3.36529e-20
               34450          3.36218e-20
               34460          3.35907e-20
               34470          3.35598e-20
               34480          3.35289e-20
               34490           3.3498e-20
               34500          3.34673e-20
               34510          3.34366e-20
               34520           3.3406e-20
               34530          3.33754e-20
               34540          3.33449e-20
               34550          3.33145e-20
               34560          3.32841e-20
               34570          3.32538e-20
               34580          3.32236e-20
               34590          3.31934e-20
               34600          3.31633e-20
               34610          3.31332e-20
               34620          3.31033e-20
               34630          3.30734e-20
               34640          3.30435e-20
               34650          3.30137e-20
               34660           3.2984e-20
               34670          3.29544e-20
               34680          3.29248e-20
               34690          3.28952e-20
               34700          3.28658e-20
               34710          3.28364e-20
               34720           3.2807e-20
               34730          3.27778e-20
               34740          3.27486e-20
               34750          3.27194e-20
               34760          3.26903e-20
               34770          3.26613e-20
               34780          3.26323e-20
               34790          3.26034e-20
               34800          3.25746e-20
               34810          3.25458e-20
               34820          3.25171e-20
               34830          3.24884e-20
               34840          3.24599e-20
               34850          3.24313e-20
               34860          3.24028e-20
               34870          3.23744e-20
               34880          3.23461e-20
               34890          3.23178e-20
               34900          3.22896e-20
               34910          3.22614e-20
               34920          3.22333e-20
               34930          3.22052e-20
               34940          3.21772e-20
               34950          3.21493e-20
               34960          3.21214e-20
               34970          3.20936e-20
               34980          3.20659e-20
               34990          3.20382e-20
               35000          3.20105e-20
               35010           3.1983e-20
               35020          3.19554e-20
               35030           3.1928e-20
               35040          3.19006e-20
               35050          3.18732e-20
               35060          3.18459e-20
               35070          3.18187e-20
               35080          3.17915e-20
               35090          3.17644e-20
               35100          3.17374e-20
               35110          3.17104e-20
               35120          3.16834e-20
               35130          3.16565e-20
               35140          3.16297e-20
               35150          3.16029e-20
               35160          3.15762e-20
               35170          3.15496e-20
               35180          3.15229e-20
               35190          3.14964e-20
               35200          3.14699e-20
               35210          3.14435e-20
               35220          3.14171e-20
               35230          3.13908e-20
               35240          3.13645e-20
               35250          3.13383e-20
               35260          3.13121e-20
               35270           3.1286e-20
               35280          3.12599e-20
               35290          3.12339e-20
               35300           3.1208e-20
               35310          3.11821e-20
               35320          3.11563e-20
               35330          3.11305e-20
               35340          3.11048e-20
               35350          3.10791e-20
               35360          3.10535e-20
               35370          3.10279e-20
               35380          3.10024e-20
               35390          3.09769e-20
               35400          3.09515e-20
               35410          3.09262e-20
               35420          3.09009e-20
               35430          3.08756e-20
               35440          3.08504e-20
               35450          3.08253e-20
               35460          3.08002e-20
               35470          3.07751e-20
               35480          3.07501e-20
               35490          3.07252e-20
               35500          3.07003e-20
               35510          3.06755e-20
               35520          3.06507e-20
               35530           3.0626e-20
               35540          3.06013e-20
               35550          3.05767e-20
               35560          3.05521e-20
               35570          3.05276e-20
               35580          3.05031e-20
               35590          3.04787e-20
               35600          3.04543e-20
               35610            3.043e-20
               35620          3.04057e-20
               35630          3.03815e-20
               35640          3.03573e-20
               35650          3.03332e-20
               35660          3.03091e-20
               35670          3.02851e-20
               35680          3.02611e-20
               35690          3.02372e-20
               35700          3.02133e-20
               35710          3.01895e-20
               35720          3.01657e-20
               35730           3.0142e-20
               35740          3.01183e-20
               35750          3.00947e-20
               35760          3.00711e-20
               35770          3.00476e-20
               35780          3.00241e-20
               35790          3.00006e-20
               35800          2.99773e-20
               35810          2.99539e-20
               35820          2.99306e-20
               35830          2.99074e-20
               35840          2.98842e-20
               35850           2.9861e-20
               35860          2.98379e-20
               35870          2.98149e-20
               35880          2.97919e-20
               35890          2.97689e-20
               35900           2.9746e-20
               35910          2.97231e-20
               35920          2.97003e-20
               35930          2.96775e-20
               35940          2.96548e-20
               35950          2.96321e-20
               35960          2.96095e-20
               35970          2.95869e-20
               35980          2.95644e-20
               35990          2.95419e-20
               36000          2.95195e-20
               36010          2.94971e-20
               36020          2.94747e-20
               36030          2.94524e-20
               36040          2.94301e-20
               36050          2.94079e-20
               36060          2.93857e-20
               36070          2.93636e-20
               36080          2.93415e-20
               36090          2.93195e-20
               36100          2.92975e-20
               36110          2.92755e-20
               36120          2.92536e-20
               36130          2.92318e-20
               36140            2.921e-20
               36150          2.91882e-20
               36160          2.91665e-20
               36170          2.91448e-20
               36180          2.91232e-20
               36190          2.91016e-20
               36200            2.908e-20
               36210          2.90585e-20
               36220          2.90371e-20
               36230          2.90156e-20
               36240          2.89943e-20
               36250          2.89729e-20
               36260          2.89516e-20
               36270          2.89304e-20
               36280          2.89092e-20
               36290           2.8888e-20
               36300          2.88669e-20
               36310          2.88459e-20
               36320          2.88248e-20
               36330          2.88038e-20
               36340          2.87829e-20
               36350           2.8762e-20
               36360          2.87411e-20
               36370          2.87203e-20
               36380          2.86996e-20
               36390          2.86788e-20
               36400          2.86581e-20
               36410          2.86375e-20
               36420          2.86169e-20
               36430          2.85963e-20
               36440          2.85758e-20
               36450          2.85553e-20
               36460          2.85349e-20
               36470          2.85145e-20
               36480          2.84941e-20
               36490          2.84738e-20
               36500          2.84535e-20
               36510          2.84333e-20
               36520          2.84131e-20
               36530           2.8393e-20
               36540          2.83729e-20
               36550          2.83528e-20
               36560          2.83328e-20
               36570          2.83128e-20
               36580          2.82928e-20
               36590          2.82729e-20
               36600           2.8253e-20
               36610          2.82332e-20
               36620          2.82134e-20
               36630          2.81937e-20
               36640           2.8174e-20
               36650          2.81543e-20
               36660          2.81347e-20
               36670          2.81151e-20
               36680          2.80956e-20
               36690           2.8076e-20
               36700          2.80566e-20
               36710          2.80371e-20
               36720          2.80178e-20
               36730          2.79984e-20
               36740          2.79791e-20
               36750          2.79598e-20
               36760          2.79406e-20
               36770          2.79214e-20
               36780          2.79022e-20
               36790          2.78831e-20
               36800           2.7864e-20
               36810           2.7845e-20
               36820           2.7826e-20
               36830           2.7807e-20
               36840          2.77881e-20
               36850          2.77692e-20
               36860          2.77504e-20
               36870          2.77316e-20
               36880          2.77128e-20
               36890           2.7694e-20
               36900          2.76754e-20
               36910          2.76567e-20
               36920          2.76381e-20
               36930          2.76195e-20
               36940          2.76009e-20
               36950          2.75824e-20
               36960           2.7564e-20
               36970          2.75455e-20
               36980          2.75271e-20
               36990          2.75088e-20
               37000          2.74904e-20
               37010          2.74721e-20
               37020          2.74539e-20
               37030          2.74357e-20
               37040          2.74175e-20
               37050          2.73994e-20
               37060          2.73813e-20
               37070          2.73632e-20
               37080          2.73452e-20
               37090          2.73272e-20
               37100          2.73092e-20
               37110          2.72913e-20
               37120          2.72734e-20
               37130          2.72556e-20
               37140          2.72377e-20
               37150            2.722e-20
               37160          2.72022e-20
               37170          2.71845e-20
               37180          2.71668e-20
               37190          2.71492e-20
               37200          2.71316e-20
               37210           2.7114e-20
               37220          2.70965e-20
               37230           2.7079e-20
               37240          2.70616e-20
               37250          2.70441e-20
               37260          2.70268e-20
               37270          2.70094e-20
               37280          2.69921e-20
               37290          2.69748e-20
               37300          2.69576e-20
               37310          2.69403e-20
               37320          2.69232e-20
               37330           2.6906e-20
               37340          2.68889e-20
               37350          2.68718e-20
               37360          2.68548e-20
               37370          2.68378e-20
               37380          2.68208e-20
               37390          2.68039e-20
               37400           2.6787e-20
               37410          2.67701e-20
               37420          2.67533e-20
               37430          2.67365e-20
               37440          2.67197e-20
               37450           2.6703e-20
               37460          2.66863e-20
               37470          2.66696e-20
               37480           2.6653e-20
               37490          2.66364e-20
               37500          2.66198e-20
               37510          2.66033e-20
               37520          2.65868e-20
               37530          2.65703e-20
               37540          2.65539e-20
               37550          2.65375e-20
               37560          2.65211e-20
               37570          2.65048e-20
               37580          2.64885e-20
               37590          2.64722e-20
               37600           2.6456e-20
               37610          2.64398e-20
               37620          2.64236e-20
               37630          2.64075e-20
               37640          2.63914e-20
               37650          2.63753e-20
               37660          2.63593e-20
               37670          2.63433e-20
               37680          2.63273e-20
               37690          2.63113e-20
               37700          2.62954e-20
               37710          2.62796e-20
               37720          2.62637e-20
               37730          2.62479e-20
               37740          2.62321e-20
               37750          2.62164e-20
               37760          2.62006e-20
               37770           2.6185e-20
               37780          2.61693e-20
               37790          2.61537e-20
               37800          2.61381e-20
               37810          2.61225e-20
               37820           2.6107e-20
               37830          2.60915e-20
               37840           2.6076e-20
               37850          2.60606e-20
               37860          2.60452e-20
               37870          2.60298e-20
               37880          2.60145e-20
               37890          2.59992e-20
               37900          2.59839e-20
               37910          2.59687e-20
               37920          2.59535e-20
               37930          2.59383e-20
               37940          2.59231e-20
               37950           2.5908e-20
               37960          2.58929e-20
               37970          2.58778e-20
               37980          2.58628e-20
               37990          2.58478e-20
               38000          2.58328e-20
               38010          2.58179e-20
               38020           2.5803e-20
               38030          2.57881e-20
               38040          2.57733e-20
               38050          2.57584e-20
               38060          2.57436e-20
               38070          2.57289e-20
               38080          2.57142e-20
               38090          2.56995e-20
               38100          2.56848e-20
               38110          2.56701e-20
               38120          2.56555e-20
               38130           2.5641e-20
               38140          2.56264e-20
               38150          2.56119e-20
               38160          2.55974e-20
               38170          2.55829e-20
               38180          2.55685e-20
               38190          2.55541e-20
               38200          2.55397e-20
               38210          2.55254e-20
               38220          2.55111e-20
               38230          2.54968e-20
               38240          2.54825e-20
               38250          2.54683e-20
               38260          2.54541e-20
               38270          2.54399e-20
               38280          2.54258e-20
               38290          2.54117e-20
               38300          2.53976e-20
               38310          2.53835e-20
               38320          2.53695e-20
               38330          2.53555e-20
               38340          2.53416e-20
               38350          2.53276e-20
               38360          2.53137e-20
               38370          2.52998e-20
               38380           2.5286e-20
               38390          2.52721e-20
               38400          2.52584e-20
               38410          2.52446e-20
               38420          2.52308e-20
               38430          2.52171e-20
               38440          2.52034e-20
               38450          2.51898e-20
               38460          2.51762e-20
               38470          2.51626e-20
               38480           2.5149e-20
               38490          2.51354e-20
               38500          2.51219e-20
               38510          2.51084e-20
               38520           2.5095e-20
               38530          2.50815e-20
               38540          2.50681e-20
               38550          2.50548e-20
               38560          2.50414e-20
               38570          2.50281e-20
               38580          2.50148e-20
               38590          2.50015e-20
               38600          2.49883e-20
               38610          2.49751e-20
               38620          2.49619e-20
               38630          2.49487e-20
               38640          2.49356e-20
               38650          2.49225e-20
               38660          2.49094e-20
               38670          2.48964e-20
               38680          2.48833e-20
               38690          2.48703e-20
               38700          2.48574e-20
               38710          2.48444e-20
               38720          2.48315e-20
               38730          2.48186e-20
               38740          2.48058e-20
               38750          2.47929e-20
               38760          2.47801e-20
               38770          2.47673e-20
               38780          2.47546e-20
               38790          2.47419e-20
               38800          2.47292e-20
               38810          2.47165e-20
               38820          2.47038e-20
               38830          2.46912e-20
               38840          2.46786e-20
               38850           2.4666e-20
               38860          2.46535e-20
               38870           2.4641e-20
               38880          2.46285e-20
               38890           2.4616e-20
               38900          2.46036e-20
               38910          2.45912e-20
               38920          2.45788e-20
               38930          2.45664e-20
               38940          2.45541e-20
               38950          2.45418e-20
               38960          2.45295e-20
               38970          2.45172e-20
               38980           2.4505e-20
               38990          2.44928e-20
               39000          2.44806e-20
               39010          2.44684e-20
               39020          2.44563e-20
               39030          2.44442e-20
               39040          2.44321e-20
               39050          2.44201e-20
               39060           2.4408e-20
               39070           2.4396e-20
               39080           2.4384e-20
               39090          2.43721e-20
               39100          2.43602e-20
               39110          2.43482e-20
               39120          2.43364e-20
               39130          2.43245e-20
               39140          2.43127e-20
               39150          2.43009e-20
               39160          2.42891e-20
               39170          2.42773e-20
               39180          2.42656e-20
               39190          2.42539e-20
               39200          2.42422e-20
               39210          2.42306e-20
               39220          2.42189e-20
               39230          2.42073e-20
               39240          2.41958e-20
               39250          2.41842e-20
               39260          2.41727e-20
               39270          2.41612e-20
               39280          2.41497e-20
               39290          2.41382e-20
               39300          2.41268e-20
               39310          2.41154e-20
               39320           2.4104e-20
               39330          2.40926e-20
               39340          2.40813e-20
               39350            2.407e-20
               39360          2.40587e-20
               39370          2.40474e-20
               39380          2.40362e-20
               39390           2.4025e-20
               39400          2.40138e-20
               39410          2.40026e-20
               39420          2.39915e-20
               39430          2.39803e-20
               39440          2.39692e-20
               39450          2.39582e-20
               39460          2.39471e-20
               39470          2.39361e-20
               39480          2.39251e-20
               39490          2.39141e-20
               39500          2.39032e-20
               39510          2.38922e-20
               39520          2.38813e-20
               39530          2.38704e-20
               39540          2.38596e-20
               39550          2.38487e-20
               39560          2.38379e-20
               39570          2.38271e-20
               39580          2.38164e-20
               39590          2.38056e-20
               39600          2.37949e-20
               39610          2.37842e-20
               39620          2.37735e-20
               39630          2.37629e-20
               39640          2.37522e-20
               39650          2.37416e-20
               39660          2.37311e-20
               39670          2.37205e-20
               39680            2.371e-20
               39690          2.36995e-20
               39700           2.3689e-20
               39710          2.36785e-20
               39720          2.36681e-20
               39730          2.36576e-20
               39740          2.36472e-20
               39750          2.36369e-20
               39760          2.36265e-20
               39770          2.36162e-20
               39780          2.36059e-20
               39790          2.35956e-20
               39800          2.35853e-20
               39810          2.35751e-20
               39820          2.35649e-20
               39830          2.35547e-20
               39840          2.35445e-20
               39850          2.35343e-20
               39860          2.35242e-20
               39870          2.35141e-20
               39880           2.3504e-20
               39890           2.3494e-20
               39900          2.34839e-20
               39910          2.34739e-20
               39920          2.34639e-20
               39930          2.34539e-20
               39940           2.3444e-20
               39950          2.34341e-20
               39960          2.34242e-20
               39970          2.34143e-20
               39980          2.34044e-20
               39990          2.33946e-20
               40000          2.33848e-20
               40010           2.3375e-20
               40020          2.33652e-20
               40030          2.33554e-20
               40040          2.33457e-20
               40050           2.3336e-20
               40060          2.33263e-20
               40070          2.33167e-20
               40080           2.3307e-20
               40090          2.32974e-20
               40100          2.32878e-20
               40110          2.32782e-20
               40120          2.32687e-20
               40130          2.32591e-20
               40140          2.32496e-20
               40150          2.32401e-20
               40160          2.32306e-20
               40170          2.32212e-20
               40180          2.32118e-20
               40190          2.32024e-20
               40200           2.3193e-20
               40210          2.31836e-20
               40220          2.31743e-20
               40230          2.31649e-20
               40240          2.31556e-20
               40250          2.31464e-20
               40260          2.31371e-20
               40270          2.31279e-20
               40280          2.31187e-20
               40290          2.31095e-20
               40300          2.31003e-20
               40310          2.30911e-20
               40320           2.3082e-20
               40330          2.30729e-20
               40340          2.30638e-20
               40350          2.30547e-20
               40360          2.30457e-20
               40370          2.30367e-20
               40380          2.30277e-20
               40390          2.30187e-20
               40400          2.30097e-20
               40410          2.30008e-20
               40420          2.29918e-20
               40430          2.29829e-20
               40440           2.2974e-20
               40450          2.29652e-20
               40460          2.29563e-20
               40470          2.29475e-20
               40480          2.29387e-20
               40490          2.29299e-20
               40500          2.29212e-20
               40510          2.29124e-20
               40520          2.29037e-20
               40530           2.2895e-20
               40540          2.28864e-20
               40550          2.28777e-20
               40560          2.28691e-20
               40570          2.28604e-20
               40580          2.28518e-20
               40590          2.28433e-20
               40600          2.28347e-20
               40610          2.28262e-20
               40620          2.28177e-20
               40630          2.28092e-20
               40640          2.28007e-20
               40650          2.27922e-20
               40660          2.27838e-20
               40670          2.27754e-20
               40680           2.2767e-20
               40690          2.27586e-20
               40700          2.27503e-20
               40710          2.27419e-20
               40720          2.27336e-20
               40730          2.27253e-20
               40740           2.2717e-20
               40750          2.27088e-20
               40760          2.27006e-20
               40770          2.26923e-20
               40780          2.26841e-20
               40790           2.2676e-20
               40800          2.26678e-20
               40810          2.26597e-20
               40820          2.26516e-20
               40830          2.26435e-20
               40840          2.26354e-20
               40850          2.26273e-20
               40860          2.26193e-20
               40870          2.26113e-20
               40880          2.26033e-20
               40890          2.25953e-20
               40900          2.25873e-20
               40910          2.25794e-20
               40920          2.25714e-20
               40930          2.25635e-20
               40940          2.25557e-20
               40950          2.25478e-20
               40960          2.25399e-20
               40970          2.25321e-20
               40980          2.25243e-20
               40990          2.25165e-20
               41000          2.25088e-20
               41010           2.2501e-20
               41020          2.24933e-20
               41030          2.24856e-20
               41040          2.24779e-20
               41050          2.24702e-20
               41060          2.24625e-20
               41070          2.24549e-20
               41080          2.24473e-20
               41090          2.24397e-20
               41100          2.24321e-20
               41110          2.24246e-20
               41120           2.2417e-20
               41130          2.24095e-20
               41140           2.2402e-20
               41150          2.23945e-20
               41160          2.23871e-20
               41170          2.23796e-20
               41180          2.23722e-20
               41190          2.23648e-20
               41200          2.23574e-20
               41210            2.235e-20
               41220          2.23427e-20
               41230          2.23353e-20
               41240           2.2328e-20
               41250          2.23207e-20
               41260          2.23134e-20
               41270          2.23062e-20
               41280          2.22989e-20
               41290          2.22917e-20
               41300          2.22845e-20
               41310          2.22773e-20
               41320          2.22702e-20
               41330           2.2263e-20
               41340          2.22559e-20
               41350          2.22488e-20
               41360          2.22417e-20
               41370          2.22346e-20
               41380          2.22276e-20
               41390          2.22205e-20
               41400          2.22135e-20
               41410          2.22065e-20
               41420          2.21995e-20
               41430          2.21925e-20
               41440          2.21856e-20
               41450          2.21787e-20
               41460          2.21718e-20
               41470          2.21649e-20
               41480           2.2158e-20
               41490          2.21511e-20
               41500          2.21443e-20
               41510          2.21375e-20
               41520          2.21307e-20
               41530          2.21239e-20
               41540          2.21171e-20
               41550          2.21104e-20
               41560          2.21037e-20
               41570          2.20969e-20
               41580          2.20903e-20
               41590          2.20836e-20
               41600          2.20769e-20
               41610          2.20703e-20
               41620          2.20637e-20
               41630          2.20571e-20
               41640          2.20505e-20
               41650          2.20439e-20
               41660          2.20374e-20
               41670          2.20308e-20
               41680          2.20243e-20
               41690          2.20178e-20
               41700          2.20113e-20
               41710          2.20049e-20
               41720          2.19984e-20
               41730           2.1992e-20
               41740          2.19856e-20
               41750          2.19792e-20
               41760          2.19728e-20
               41770          2.19665e-20
               41780          2.19601e-20
               41790          2.19538e-20
               41800          2.19475e-20
               41810          2.19412e-20
               41820           2.1935e-20
               41830          2.19287e-20
               41840          2.19225e-20
               41850          2.19163e-20
               41860          2.19101e-20
               41870          2.19039e-20
               41880          2.18977e-20
               41890          2.18916e-20
               41900          2.18854e-20
               41910          2.18793e-20
               41920          2.18732e-20
               41930          2.18671e-20
               41940          2.18611e-20
               41950           2.1855e-20
               41960           2.1849e-20
               41970           2.1843e-20
               41980           2.1837e-20
               41990           2.1831e-20
               42000          2.18251e-20
               42010          2.18191e-20
               42020          2.18132e-20
               42030          2.18073e-20
               42040          2.18014e-20
               42050          2.17956e-20
               42060          2.17897e-20
               42070          2.17839e-20
               42080           2.1778e-20
               42090          2.17722e-20
               42100          2.17665e-20
               42110          2.17607e-20
               42120          2.17549e-20
               42130          2.17492e-20
               42140          2.17435e-20
               42150          2.17378e-20
               42160          2.17321e-20
               42170          2.17264e-20
               42180          2.17208e-20
               42190          2.17151e-20
               42200          2.17095e-20
               42210          2.17039e-20
               42220          2.16983e-20
               42230          2.16928e-20
               42240          2.16872e-20
               42250          2.16817e-20
               42260          2.16762e-20
               42270          2.16707e-20
               42280          2.16652e-20
               42290          2.16597e-20
               42300          2.16543e-20
               42310          2.16488e-20
               42320          2.16434e-20
               42330           2.1638e-20
               42340          2.16326e-20
               42350          2.16273e-20
               42360          2.16219e-20
               42370          2.16166e-20
               42380          2.16113e-20
               42390           2.1606e-20
               42400          2.16007e-20
               42410          2.15954e-20
               42420          2.15902e-20
               42430          2.15849e-20
               42440          2.15797e-20
               42450          2.15745e-20
               42460          2.15693e-20
               42470          2.15642e-20
               42480           2.1559e-20
               42490          2.15539e-20
               42500          2.15487e-20
               42510          2.15436e-20
               42520          2.15386e-20
               42530          2.15335e-20
               42540          2.15284e-20
               42550          2.15234e-20
               42560          2.15184e-20
               42570          2.15134e-20
               42580          2.15084e-20
               42590          2.15034e-20
               42600          2.14984e-20
               42610          2.14935e-20
               42620          2.14886e-20
               42630          2.14837e-20
               42640          2.14788e-20
               42650          2.14739e-20
               42660           2.1469e-20
               42670          2.14642e-20
               42680          2.14594e-20
               42690          2.14546e-20
               42700          2.14498e-20
               42710           2.1445e-20
               42720          2.14402e-20
               42730          2.14355e-20
               42740          2.14307e-20
               42750           2.1426e-20
               42760          2.14213e-20
               42770          2.14166e-20
               42780           2.1412e-20
               42790          2.14073e-20
               42800          2.14027e-20
               42810          2.13981e-20
               42820          2.13935e-20
               42830          2.13889e-20
               42840          2.13843e-20
               42850          2.13797e-20
               42860          2.13752e-20
               42870          2.13707e-20
               42880          2.13662e-20
               42890          2.13617e-20
               42900          2.13572e-20
               42910          2.13527e-20
               42920          2.13483e-20
               42930          2.13438e-20
               42940          2.13394e-20
               42950           2.1335e-20
               42960          2.13306e-20
               42970          2.13263e-20
               42980          2.13219e-20
               42990          2.13176e-20
               43000          2.13133e-20
               43010           2.1309e-20
               43020          2.13047e-20
               43030          2.13004e-20
               43040          2.12961e-20
               43050          2.12919e-20
               43060          2.12877e-20
               43070          2.12835e-20
               43080          2.12793e-20
               43090          2.12751e-20
               43100          2.12709e-20
               43110          2.12668e-20
               43120          2.12626e-20
               43130          2.12585e-20
               43140          2.12544e-20
               43150          2.12503e-20
               43160          2.12463e-20
               43170          2.12422e-20
               43180          2.12382e-20
               43190          2.12341e-20
               43200          2.12301e-20
               43210          2.12261e-20
               43220          2.12222e-20
               43230          2.12182e-20
               43240          2.12142e-20
               43250          2.12103e-20
               43260          2.12064e-20
               43270          2.12025e-20
               43280          2.11986e-20
               43290          2.11947e-20
               43300          2.11909e-20
               43310           2.1187e-20
               43320          2.11832e-20
               43330          2.11794e-20
               43340          2.11756e-20
               43350          2.11718e-20
               43360          2.11681e-20
               43370          2.11643e-20
               43380          2.11606e-20
               43390          2.11569e-20
               43400          2.11532e-20
               43410          2.11495e-20
               43420          2.11458e-20
               43430          2.11421e-20
               43440          2.11385e-20
               43450          2.11349e-20
               43460          2.11313e-20
               43470          2.11277e-20
               43480          2.11241e-20
               43490          2.11205e-20
               43500           2.1117e-20
               43510          2.11134e-20
               43520          2.11099e-20
               43530          2.11064e-20
               43540          2.11029e-20
               43550          2.10994e-20
               43560           2.1096e-20
               43570          2.10925e-20
               43580          2.10891e-20
               43590          2.10857e-20
               43600          2.10823e-20
               43610          2.10789e-20
               43620          2.10755e-20
               43630          2.10721e-20
               43640          2.10688e-20
               43650          2.10655e-20
               43660          2.10622e-20
               43670          2.10589e-20
               43680          2.10556e-20
               43690          2.10523e-20
               43700          2.10491e-20
               43710          2.10458e-20
               43720          2.10426e-20
               43730          2.10394e-20
               43740          2.10362e-20
               43750           2.1033e-20
               43760          2.10299e-20
               43770          2.10267e-20
               43780          2.10236e-20
               43790          2.10205e-20
               43800          2.10174e-20
               43810          2.10143e-20
               43820          2.10112e-20
               43830          2.10081e-20
               43840          2.10051e-20
               43850          2.10021e-20
               43860           2.0999e-20
               43870           2.0996e-20
               43880          2.09931e-20
               43890          2.09901e-20
               43900          2.09871e-20
               43910          2.09842e-20
               43920          2.09813e-20
               43930          2.09783e-20
               43940          2.09754e-20
               43950          2.09726e-20
               43960          2.09697e-20
               43970          2.09668e-20
               43980           2.0964e-20
               43990          2.09612e-20
               44000          2.09584e-20
               44010          2.09556e-20
               44020          2.09528e-20
               44030            2.095e-20
               44040          2.09473e-20
               44050          2.09445e-20
               44060          2.09418e-20
               44070          2.09391e-20
               44080          2.09364e-20
               44090          2.09337e-20
               44100          2.09311e-20
               44110          2.09284e-20
               44120          2.09258e-20
               44130          2.09232e-20
               44140          2.09206e-20
               44150           2.0918e-20
               44160          2.09154e-20
               44170          2.09128e-20
               44180          2.09103e-20
               44190          2.09077e-20
               44200          2.09052e-20
               44210          2.09027e-20
               44220          2.09002e-20
               44230          2.08978e-20
               44240          2.08953e-20
               44250          2.08928e-20
               44260          2.08904e-20
               44270           2.0888e-20
               44280          2.08856e-20
               44290          2.08832e-20
               44300          2.08808e-20
               44310          2.08785e-20
               44320          2.08761e-20
               44330          2.08738e-20
               44340          2.08715e-20
               44350          2.08692e-20
               44360          2.08669e-20
               44370          2.08646e-20
               44380          2.08623e-20
               44390          2.08601e-20
               44400          2.08579e-20
               44410          2.08556e-20
               44420          2.08534e-20
               44430          2.08513e-20
               44440          2.08491e-20
               44450          2.08469e-20
               44460          2.08448e-20
               44470          2.08426e-20
               44480          2.08405e-20
               44490          2.08384e-20
               44500          2.08363e-20
               44510          2.08343e-20
               44520          2.08322e-20
               44530          2.08302e-20
               44540          2.08281e-20
               44550          2.08261e-20
               44560          2.08241e-20
               44570          2.08221e-20
               44580          2.08201e-20
               44590          2.08182e-20
               44600          2.08162e-20
               44610          2.08143e-20
               44620          2.08124e-20
               44630          2.08105e-20
               44640          2.08086e-20
               44650          2.08067e-20
               44660          2.08048e-20
               44670           2.0803e-20
               44680          2.08012e-20
               44690          2.07993e-20
               44700          2.07975e-20
               44710          2.07958e-20
               44720           2.0794e-20
               44730          2.07922e-20
               44740          2.07905e-20
               44750          2.07887e-20
               44760           2.0787e-20
               44770          2.07853e-20
               44780          2.07836e-20
               44790          2.07819e-20
               44800          2.07803e-20
               44810          2.07786e-20
               44820           2.0777e-20
               44830          2.07754e-20
               44840          2.07738e-20
               44850          2.07722e-20
               44860          2.07706e-20
               44870           2.0769e-20
               44880          2.07675e-20
               44890          2.07659e-20
               44900          2.07644e-20
               44910          2.07629e-20
               44920          2.07614e-20
               44930          2.07599e-20
               44940          2.07584e-20
               44950           2.0757e-20
               44960          2.07556e-20
               44970          2.07541e-20
               44980          2.07527e-20
               44990          2.07513e-20
               45000          2.07499e-20
               45010          2.07486e-20
               45020          2.07472e-20
               45030          2.07459e-20
               45040          2.07445e-20
               45050          2.07432e-20
               45060          2.07419e-20
               45070          2.07406e-20
               45080          2.07394e-20
               45090          2.07381e-20
               45100          2.07369e-20
               45110          2.07356e-20
               45120          2.07344e-20
               45130          2.07332e-20
               45140           2.0732e-20
               45150          2.07309e-20
               45160          2.07297e-20
               45170          2.07285e-20
               45180          2.07274e-20
               45190          2.07263e-20
               45200          2.07252e-20
               45210          2.07241e-20
               45220           2.0723e-20
               45230           2.0722e-20
               45240          2.07209e-20
               45250          2.07199e-20
               45260          2.07188e-20
               45270          2.07178e-20
               45280          2.07168e-20
               45290          2.07159e-20
               45300          2.07149e-20
               45310          2.07139e-20
               45320           2.0713e-20
               45330          2.07121e-20
               45340          2.07112e-20
               45350          2.07103e-20
               45360          2.07094e-20
               45370          2.07085e-20
               45380          2.07077e-20
               45390          2.07068e-20
               45400           2.0706e-20
               45410          2.07052e-20
               45420          2.07044e-20
               45430          2.07036e-20
               45440          2.07028e-20
               45450           2.0702e-20
               45460          2.07013e-20
               45470          2.07006e-20
               45480          2.06999e-20
               45490          2.06991e-20
               45500          2.06985e-20
               45510          2.06978e-20
               45520          2.06971e-20
               45530          2.06965e-20
               45540          2.06958e-20
               45550          2.06952e-20
               45560          2.06946e-20
               45570           2.0694e-20
               45580          2.06934e-20
               45590          2.06929e-20
               45600          2.06923e-20
               45610          2.06918e-20
               45620          2.06912e-20
               45630          2.06907e-20
               45640          2.06902e-20
               45650          2.06897e-20
               45660          2.06893e-20
               45670          2.06888e-20
               45680          2.06884e-20
               45690          2.06879e-20
               45700          2.06875e-20
               45710          2.06871e-20
               45720          2.06867e-20
               45730          2.06864e-20
               45740           2.0686e-20
               45750          2.06857e-20
               45760          2.06853e-20
               45770           2.0685e-20
               45780          2.06847e-20
               45790          2.06844e-20
               45800          2.06841e-20
               45810          2.06839e-20
               45820          2.06836e-20
               45830          2.06834e-20
               45840          2.06831e-20
               45850          2.06829e-20
               45860          2.06827e-20
               45870          2.06826e-20
               45880          2.06824e-20
               45890          2.06822e-20
               45900          2.06821e-20
               45910           2.0682e-20
               45920          2.06818e-20
               45930          2.06817e-20
               45940          2.06817e-20
               45950          2.06816e-20
               45960          2.06815e-20
               45970          2.06815e-20
               45980          2.06814e-20
               45990          2.06814e-20
               46000          2.06814e-20
               46010          2.06814e-20
               46020          2.06814e-20
               46030          2.06815e-20
               46040          2.06815e-20
               46050          2.06816e-20
               46060          2.06817e-20
               46070          2.06818e-20
               46080          2.06819e-20
               46090           2.0682e-20
               46100          2.06821e-20
               46110          2.06823e-20
               46120          2.06824e-20
               46130          2.06826e-20
               46140          2.06828e-20
               46150           2.0683e-20
               46160          2.06832e-20
               46170          2.06834e-20
               46180          2.06836e-20
               46190          2.06839e-20
               46200          2.06842e-20
               46210          2.06844e-20
               46220          2.06847e-20
               46230           2.0685e-20
               46240          2.06854e-20
               46250          2.06857e-20
               46260          2.06861e-20
               46270          2.06864e-20
               46280          2.06868e-20
               46290          2.06872e-20
               46300          2.06876e-20
               46310           2.0688e-20
               46320          2.06884e-20
               46330          2.06889e-20
               46340          2.06893e-20
               46350          2.06898e-20
               46360          2.06903e-20
               46370          2.06908e-20
               46380          2.06913e-20
               46390          2.06918e-20
               46400          2.06924e-20
               46410          2.06929e-20
               46420          2.06935e-20
               46430          2.06941e-20
               46440          2.06947e-20
               46450          2.06953e-20
               46460          2.06959e-20
               46470          2.06965e-20
               46480          2.06972e-20
               46490          2.06978e-20
               46500          2.06985e-20
               46510          2.06992e-20
               46520          2.06999e-20
               46530          2.07006e-20
               46540          2.07013e-20
               46550          2.07021e-20
               46560          2.07029e-20
               46570          2.07036e-20
               46580          2.07044e-20
               46590          2.07052e-20
               46600           2.0706e-20
               46610          2.07068e-20
               46620          2.07077e-20
               46630          2.07085e-20
               46640          2.07094e-20
               46650          2.07103e-20
               46660          2.07112e-20
               46670          2.07121e-20
               46680           2.0713e-20
               46690          2.07139e-20
               46700          2.07149e-20
               46710          2.07158e-20
               46720          2.07168e-20
               46730          2.07178e-20
               46740          2.07188e-20
               46750          2.07198e-20
               46760          2.07209e-20
               46770          2.07219e-20
               46780           2.0723e-20
               46790           2.0724e-20
               46800          2.07251e-20
               46810          2.07262e-20
               46820          2.07273e-20
               46830          2.07284e-20
               46840          2.07296e-20
               46850          2.07307e-20
               46860          2.07319e-20
               46870          2.07331e-20
               46880          2.07343e-20
               46890          2.07355e-20
               46900          2.07367e-20
               46910          2.07379e-20
               46920          2.07392e-20
               46930          2.07404e-20
               46940          2.07417e-20
               46950           2.0743e-20
               46960          2.07443e-20
               46970          2.07456e-20
               46980           2.0747e-20
               46990          2.07483e-20
               47000          2.07497e-20
               47010           2.0751e-20
               47020          2.07524e-20
               47030          2.07538e-20
               47040          2.07552e-20
               47050          2.07567e-20
               47060          2.07581e-20
               47070          2.07595e-20
               47080           2.0761e-20
               47090          2.07625e-20
               47100           2.0764e-20
               47110          2.07655e-20
               47120           2.0767e-20
               47130          2.07685e-20
               47140          2.07701e-20
               47150          2.07717e-20
               47160          2.07732e-20
               47170          2.07748e-20
               47180          2.07764e-20
               47190           2.0778e-20
               47200          2.07797e-20
               47210          2.07813e-20
               47220           2.0783e-20
               47230          2.07846e-20
               47240          2.07863e-20
               47250           2.0788e-20
               47260          2.07897e-20
               47270          2.07915e-20
               47280          2.07932e-20
               47290           2.0795e-20
               47300          2.07967e-20
               47310          2.07985e-20
               47320          2.08003e-20
               47330          2.08021e-20
               47340          2.08039e-20
               47350          2.08058e-20
               47360          2.08076e-20
               47370          2.08095e-20
               47380          2.08114e-20
               47390          2.08133e-20
               47400          2.08152e-20
               47410          2.08171e-20
               47420           2.0819e-20
               47430           2.0821e-20
               47440          2.08229e-20
               47450          2.08249e-20
               47460          2.08269e-20
               47470          2.08289e-20
               47480          2.08309e-20
               47490          2.08329e-20
               47500           2.0835e-20
               47510           2.0837e-20
               47520          2.08391e-20
               47530          2.08412e-20
               47540          2.08433e-20
               47550          2.08454e-20
               47560          2.08475e-20
               47570          2.08497e-20
               47580          2.08518e-20
               47590           2.0854e-20
               47600          2.08562e-20
               47610          2.08584e-20
               47620          2.08606e-20
               47630          2.08628e-20
               47640           2.0865e-20
               47650          2.08673e-20
               47660          2.08695e-20
               47670          2.08718e-20
               47680          2.08741e-20
               47690          2.08764e-20
               47700          2.08787e-20
               47710          2.08811e-20
               47720          2.08834e-20
               47730          2.08858e-20
               47740          2.08881e-20
               47750          2.08905e-20
               47760          2.08929e-20
               47770          2.08953e-20
               47780          2.08978e-20
               47790          2.09002e-20
               47800          2.09027e-20
               47810          2.09051e-20
               47820          2.09076e-20
               47830          2.09101e-20
               47840          2.09126e-20
               47850          2.09152e-20
               47860          2.09177e-20
               47870          2.09203e-20
               47880          2.09228e-20
               47890          2.09254e-20
               47900           2.0928e-20
               47910          2.09306e-20
               47920          2.09333e-20
               47930          2.09359e-20
               47940          2.09385e-20
               47950          2.09412e-20
               47960          2.09439e-20
               47970          2.09466e-20
               47980          2.09493e-20
               47990           2.0952e-20
               48000          2.09547e-20
               48010          2.09575e-20
               48020          2.09603e-20
               48030           2.0963e-20
               48040          2.09658e-20
               48050          2.09686e-20
               48060          2.09715e-20
               48070          2.09743e-20
               48080          2.09771e-20
               48090            2.098e-20
               48100          2.09829e-20
               48110          2.09858e-20
               48120          2.09887e-20
               48130          2.09916e-20
               48140          2.09945e-20
               48150          2.09975e-20
               48160          2.10004e-20
               48170          2.10034e-20
               48180          2.10064e-20
               48190          2.10094e-20
               48200          2.10124e-20
               48210          2.10154e-20
               48220          2.10185e-20
               48230          2.10215e-20
               48240          2.10246e-20
               48250          2.10277e-20
               48260          2.10308e-20
               48270          2.10339e-20
               48280          2.10371e-20
               48290          2.10402e-20
               48300          2.10434e-20
               48310          2.10465e-20
               48320          2.10497e-20
               48330          2.10529e-20
               48340          2.10561e-20
               48350          2.10594e-20
               48360          2.10626e-20
               48370          2.10659e-20
               48380          2.10691e-20
               48390          2.10724e-20
               48400          2.10757e-20
               48410           2.1079e-20
               48420          2.10824e-20
               48430          2.10857e-20
               48440          2.10891e-20
               48450          2.10924e-20
               48460          2.10958e-20
               48470          2.10992e-20
               48480          2.11026e-20
               48490           2.1106e-20
               48500          2.11095e-20
               48510          2.11129e-20
               48520          2.11164e-20
               48530          2.11199e-20
               48540          2.11234e-20
               48550          2.11269e-20
               48560          2.11304e-20
               48570           2.1134e-20
               48580          2.11375e-20
               48590          2.11411e-20
               48600          2.11447e-20
               48610          2.11483e-20
               48620          2.11519e-20
               48630          2.11555e-20
               48640          2.11592e-20
               48650          2.11628e-20
               48660          2.11665e-20
               48670          2.11702e-20
               48680          2.11739e-20
               48690          2.11776e-20
               48700          2.11813e-20
               48710          2.11851e-20
               48720          2.11888e-20
               48730          2.11926e-20
               48740          2.11964e-20
               48750          2.12002e-20
               48760           2.1204e-20
               48770          2.12078e-20
               48780          2.12117e-20
               48790          2.12155e-20
               48800          2.12194e-20
               48810          2.12233e-20
               48820          2.12272e-20
               48830          2.12311e-20
               48840           2.1235e-20
               48850           2.1239e-20
               48860          2.12429e-20
               48870          2.12469e-20
               48880          2.12509e-20
               48890          2.12549e-20
               48900          2.12589e-20
               48910           2.1263e-20
               48920           2.1267e-20
               48930          2.12711e-20
               48940          2.12751e-20
               48950          2.12792e-20
               48960          2.12833e-20
               48970          2.12875e-20
               48980          2.12916e-20
               48990          2.12957e-20
               49000          2.12999e-20
               49010          2.13041e-20
               49020          2.13083e-20
               49030          2.13125e-20
               49040          2.13167e-20
               49050          2.13209e-20
               49060          2.13252e-20
               49070          2.13294e-20
               49080          2.13337e-20
               49090           2.1338e-20
               49100          2.13423e-20
               49110          2.13467e-20
               49120           2.1351e-20
               49130          2.13554e-20
               49140          2.13597e-20
               49150          2.13641e-20
               49160          2.13685e-20
               49170          2.13729e-20
               49180          2.13773e-20
               49190          2.13818e-20
               49200          2.13862e-20
               49210          2.13907e-20
               49220          2.13952e-20
               49230          2.13997e-20
               49240          2.14042e-20
               49250          2.14088e-20
               49260          2.14133e-20
               49270          2.14179e-20
               49280          2.14224e-20
               49290           2.1427e-20
               49300          2.14316e-20
               49310          2.14363e-20
               49320          2.14409e-20
               49330          2.14455e-20
               49340          2.14502e-20
               49350          2.14549e-20
               49360          2.14596e-20
               49370          2.14643e-20
               49380           2.1469e-20
               49390          2.14738e-20
               49400          2.14785e-20
               49410          2.14833e-20
               49420          2.14881e-20
               49430          2.14929e-20
               49440          2.14977e-20
               49450          2.15025e-20
               49460          2.15074e-20
               49470          2.15122e-20
               49480          2.15171e-20
               49490           2.1522e-20
               49500          2.15269e-20
               49510          2.15318e-20
               49520          2.15367e-20
               49530          2.15417e-20
               49540          2.15467e-20
               49550          2.15516e-20
               49560          2.15566e-20
               49570          2.15616e-20
               49580          2.15667e-20
               49590          2.15717e-20
               49600          2.15768e-20
               49610          2.15818e-20
               49620          2.15869e-20
               49630           2.1592e-20
               49640          2.15971e-20
               49650          2.16023e-20
               49660          2.16074e-20
               49670          2.16126e-20
               49680          2.16178e-20
               49690           2.1623e-20
               49700          2.16282e-20
               49710          2.16334e-20
               49720          2.16386e-20
               49730          2.16439e-20
               49740          2.16492e-20
               49750          2.16544e-20
               49760          2.16597e-20
               49770          2.16651e-20
               49780          2.16704e-20
               49790          2.16757e-20
               49800          2.16811e-20
               49810          2.16865e-20
               49820          2.16919e-20
               49830          2.16973e-20
               49840          2.17027e-20
               49850          2.17081e-20
               49860          2.17136e-20
               49870          2.17191e-20
               49880          2.17246e-20
               49890          2.17301e-20
               49900          2.17356e-20
               49910          2.17411e-20
               49920          2.17466e-20
               49930          2.17522e-20
               49940          2.17578e-20
               49950          2.17634e-20
               49960           2.1769e-20
               49970          2.17746e-20
               49980          2.17803e-20
               49990          2.17859e-20
               50000          2.17916e-20
               50010          2.17973e-20
               50020           2.1803e-20
               50030          2.18087e-20
               50040          2.18144e-20
               50050          2.18202e-20
               50060          2.18259e-20
               50070          2.18317e-20
               50080          2.18375e-20
               50090          2.18433e-20
               50100          2.18492e-20
               50110           2.1855e-20
               50120          2.18609e-20
               50130          2.18668e-20
               50140          2.18726e-20
               50150          2.18786e-20
               50160          2.18845e-20
               50170          2.18904e-20
               50180          2.18964e-20
               50190          2.19023e-20
               50200          2.19083e-20
               50210          2.19143e-20
               50220          2.19203e-20
               50230          2.19264e-20
               50240          2.19324e-20
               50250          2.19385e-20
               50260          2.19446e-20
               50270          2.19507e-20
               50280          2.19568e-20
               50290          2.19629e-20
               50300          2.19691e-20
               50310          2.19752e-20
               50320          2.19814e-20
               50330          2.19876e-20
               50340          2.19938e-20
               50350              2.2e-20
               50360          2.20063e-20
               50370          2.20125e-20
               50380          2.20188e-20
               50390          2.20251e-20
               50400          2.20314e-20
               50410          2.20377e-20
               50420          2.20441e-20
               50430          2.20504e-20
               50440          2.20568e-20
               50450          2.20632e-20
               50460          2.20696e-20
               50470           2.2076e-20
               50480          2.20825e-20
               50490          2.20889e-20
               50500          2.20954e-20
               50510          2.21019e-20
               50520          2.21084e-20
               50530          2.21149e-20
               50540          2.21214e-20
               50550           2.2128e-20
               50560          2.21345e-20
               50570          2.21411e-20
               50580          2.21477e-20
               50590          2.21543e-20
               50600           2.2161e-20
               50610          2.21676e-20
               50620          2.21743e-20
               50630          2.21809e-20
               50640          2.21876e-20
               50650          2.21944e-20
               50660          2.22011e-20
               50670          2.22078e-20
               50680          2.22146e-20
               50690          2.22214e-20
               50700          2.22282e-20
               50710           2.2235e-20
               50720          2.22418e-20
               50730          2.22487e-20
               50740          2.22555e-20
               50750          2.22624e-20
               50760          2.22693e-20
               50770          2.22762e-20
               50780          2.22831e-20
               50790          2.22901e-20
               50800          2.22971e-20
               50810           2.2304e-20
               50820           2.2311e-20
               50830           2.2318e-20
               50840          2.23251e-20
               50850          2.23321e-20
               50860          2.23392e-20
               50870          2.23463e-20
               50880          2.23534e-20
               50890          2.23605e-20
               50900          2.23676e-20
               50910          2.23748e-20
               50920          2.23819e-20
               50930          2.23891e-20
               50940          2.23963e-20
               50950          2.24035e-20
               50960          2.24107e-20
               50970           2.2418e-20
               50980          2.24253e-20
               50990          2.24325e-20
               51000          2.24398e-20
               51010          2.24472e-20
               51020          2.24545e-20
               51030          2.24618e-20
               51040          2.24692e-20
               51050          2.24766e-20
               51060           2.2484e-20
               51070          2.24914e-20
               51080          2.24989e-20
               51090          2.25063e-20
               51100          2.25138e-20
               51110          2.25213e-20
               51120          2.25288e-20
               51130          2.25363e-20
               51140          2.25438e-20
               51150          2.25514e-20
               51160           2.2559e-20
               51170          2.25666e-20
               51180          2.25742e-20
               51190          2.25818e-20
               51200          2.25894e-20
               51210          2.25971e-20
               51220          2.26048e-20
               51230          2.26125e-20
               51240          2.26202e-20
               51250          2.26279e-20
               51260          2.26357e-20
               51270          2.26434e-20
               51280          2.26512e-20
               51290           2.2659e-20
               51300          2.26668e-20
               51310          2.26747e-20
               51320          2.26825e-20
               51330          2.26904e-20
               51340          2.26983e-20
               51350          2.27062e-20
               51360          2.27141e-20
               51370          2.27221e-20
               51380            2.273e-20
               51390           2.2738e-20
               51400           2.2746e-20
               51410           2.2754e-20
               51420           2.2762e-20
               51430          2.27701e-20
               51440          2.27781e-20
               51450          2.27862e-20
               51460          2.27943e-20
               51470          2.28024e-20
               51480          2.28106e-20
               51490          2.28187e-20
               51500          2.28269e-20
               51510          2.28351e-20
               51520          2.28433e-20
               51530          2.28515e-20
               51540          2.28598e-20
               51550           2.2868e-20
               51560          2.28763e-20
               51570          2.28846e-20
               51580          2.28929e-20
               51590          2.29013e-20
               51600          2.29096e-20
               51610           2.2918e-20
               51620          2.29264e-20
               51630          2.29348e-20
               51640          2.29432e-20
               51650          2.29516e-20
               51660          2.29601e-20
               51670          2.29686e-20
               51680          2.29771e-20
               51690          2.29856e-20
               51700          2.29941e-20
               51710          2.30027e-20
               51720          2.30112e-20
               51730          2.30198e-20
               51740          2.30284e-20
               51750          2.30371e-20
               51760          2.30457e-20
               51770          2.30544e-20
               51780           2.3063e-20
               51790          2.30717e-20
               51800          2.30805e-20
               51810          2.30892e-20
               51820          2.30979e-20
               51830          2.31067e-20
               51840          2.31155e-20
               51850          2.31243e-20
               51860          2.31331e-20
               51870           2.3142e-20
               51880          2.31509e-20
               51890          2.31597e-20
               51900          2.31686e-20
               51910          2.31776e-20
               51920          2.31865e-20
               51930          2.31955e-20
               51940          2.32044e-20
               51950          2.32134e-20
               51960          2.32224e-20
               51970          2.32315e-20
               51980          2.32405e-20
               51990          2.32496e-20
               52000          2.32587e-20
               52010          2.32678e-20
               52020          2.32769e-20
               52030          2.32861e-20
               52040          2.32952e-20
               52050          2.33044e-20
               52060          2.33136e-20
               52070          2.33229e-20
               52080          2.33321e-20
               52090          2.33414e-20
               52100          2.33506e-20
               52110          2.33599e-20
               52120          2.33693e-20
               52130          2.33786e-20
               52140          2.33879e-20
               52150          2.33973e-20
               52160          2.34067e-20
               52170          2.34161e-20
               52180          2.34256e-20
               52190           2.3435e-20
               52200          2.34445e-20
               52210           2.3454e-20
               52220          2.34635e-20
               52230           2.3473e-20
               52240          2.34826e-20
               52250          2.34921e-20
               52260          2.35017e-20
               52270          2.35113e-20
               52280           2.3521e-20
               52290          2.35306e-20
               52300          2.35403e-20
               52310            2.355e-20
               52320          2.35597e-20
               52330          2.35694e-20
               52340          2.35791e-20
               52350          2.35889e-20
               52360          2.35987e-20
               52370          2.36085e-20
               52380          2.36183e-20
               52390          2.36281e-20
               52400           2.3638e-20
               52410          2.36479e-20
               52420          2.36578e-20
               52430          2.36677e-20
               52440          2.36777e-20
               52450          2.36876e-20
               52460          2.36976e-20
               52470          2.37076e-20
               52480          2.37176e-20
               52490          2.37277e-20
               52500          2.37377e-20
               52510          2.37478e-20
               52520          2.37579e-20
               52530           2.3768e-20
               52540          2.37782e-20
               52550          2.37883e-20
               52560          2.37985e-20
               52570          2.38087e-20
               52580          2.38189e-20
               52590          2.38292e-20
               52600          2.38394e-20
               52610          2.38497e-20
               52620            2.386e-20
               52630          2.38704e-20
               52640          2.38807e-20
               52650          2.38911e-20
               52660          2.39014e-20
               52670          2.39119e-20
               52680          2.39223e-20
               52690          2.39327e-20
               52700          2.39432e-20
               52710          2.39537e-20
               52720          2.39642e-20
               52730          2.39747e-20
               52740          2.39853e-20
               52750          2.39958e-20
               52760          2.40064e-20
               52770           2.4017e-20
               52780          2.40277e-20
               52790          2.40383e-20
               52800           2.4049e-20
               52810          2.40597e-20
               52820          2.40704e-20
               52830          2.40811e-20
               52840          2.40919e-20
               52850          2.41027e-20
               52860          2.41135e-20
               52870          2.41243e-20
               52880          2.41351e-20
               52890           2.4146e-20
               52900          2.41569e-20
               52910          2.41678e-20
               52920          2.41787e-20
               52930          2.41896e-20
               52940          2.42006e-20
               52950          2.42116e-20
               52960          2.42226e-20
               52970          2.42336e-20
               52980          2.42447e-20
               52990          2.42557e-20
               53000          2.42668e-20
               53010           2.4278e-20
               53020          2.42891e-20
               53030          2.43003e-20
               53040          2.43114e-20
               53050          2.43226e-20
               53060          2.43339e-20
               53070          2.43451e-20
               53080          2.43564e-20
               53090          2.43676e-20
               53100           2.4379e-20
               53110          2.43903e-20
               53120          2.44016e-20
               53130           2.4413e-20
               53140          2.44244e-20
               53150          2.44358e-20
               53160          2.44473e-20
               53170          2.44587e-20
               53180          2.44702e-20
               53190          2.44817e-20
               53200          2.44932e-20
               53210          2.45048e-20
               53220          2.45163e-20
               53230          2.45279e-20
               53240          2.45395e-20
               53250          2.45512e-20
               53260          2.45628e-20
               53270          2.45745e-20
               53280          2.45862e-20
               53290          2.45979e-20
               53300          2.46097e-20
               53310          2.46214e-20
               53320          2.46332e-20
               53330           2.4645e-20
               53340          2.46569e-20
               53350          2.46687e-20
               53360          2.46806e-20
               53370          2.46925e-20
               53380          2.47044e-20
               53390          2.47164e-20
               53400          2.47283e-20
               53410          2.47403e-20
               53420          2.47524e-20
               53430          2.47644e-20
               53440          2.47764e-20
               53450          2.47885e-20
               53460          2.48006e-20
               53470          2.48128e-20
               53480          2.48249e-20
               53490          2.48371e-20
               53500          2.48493e-20
               53510          2.48615e-20
               53520          2.48737e-20
               53530           2.4886e-20
               53540          2.48983e-20
               53550          2.49106e-20
               53560          2.49229e-20
               53570          2.49353e-20
               53580          2.49476e-20
               53590            2.496e-20
               53600          2.49725e-20
               53610          2.49849e-20
               53620          2.49974e-20
               53630          2.50099e-20
               53640          2.50224e-20
               53650          2.50349e-20
               53660          2.50475e-20
               53670          2.50601e-20
               53680          2.50727e-20
               53690          2.50853e-20
               53700           2.5098e-20
               53710          2.51106e-20
               53720          2.51234e-20
               53730          2.51361e-20
               53740          2.51488e-20
               53750          2.51616e-20
               53760          2.51744e-20
               53770          2.51872e-20
               53780          2.52001e-20
               53790          2.52129e-20
               53800          2.52258e-20
               53810          2.52387e-20
               53820          2.52517e-20
               53830          2.52646e-20
               53840          2.52776e-20
               53850          2.52906e-20
               53860          2.53037e-20
               53870          2.53167e-20
               53880          2.53298e-20
               53890          2.53429e-20
               53900           2.5356e-20
               53910          2.53692e-20
               53920          2.53824e-20
               53930          2.53956e-20
               53940          2.54088e-20
               53950          2.54221e-20
               53960          2.54353e-20
               53970          2.54486e-20
               53980           2.5462e-20
               53990          2.54753e-20
               54000          2.54887e-20
               54010          2.55021e-20
               54020          2.55155e-20
               54030          2.55289e-20
               54040          2.55424e-20
               54050          2.55559e-20
               54060          2.55694e-20
               54070           2.5583e-20
               54080          2.55965e-20
               54090          2.56101e-20
               54100          2.56237e-20
               54110          2.56374e-20
               54120          2.56511e-20
               54130          2.56648e-20
               54140          2.56785e-20
               54150          2.56922e-20
               54160           2.5706e-20
               54170          2.57198e-20
               54180          2.57336e-20
               54190          2.57474e-20
               54200          2.57613e-20
               54210          2.57752e-20
               54220          2.57891e-20
               54230          2.58031e-20
               54240           2.5817e-20
               54250           2.5831e-20
               54260           2.5845e-20
               54270          2.58591e-20
               54280          2.58732e-20
               54290          2.58872e-20
               54300          2.59014e-20
               54310          2.59155e-20
               54320          2.59297e-20
               54330          2.59439e-20
               54340          2.59581e-20
               54350          2.59724e-20
               54360          2.59866e-20
               54370          2.60009e-20
               54380          2.60153e-20
               54390          2.60296e-20
               54400           2.6044e-20
               54410          2.60584e-20
               54420          2.60728e-20
               54430          2.60873e-20
               54440          2.61018e-20
               54450          2.61163e-20
               54460          2.61308e-20
               54470          2.61454e-20
               54480            2.616e-20
               54490          2.61746e-20
               54500          2.61892e-20
               54510          2.62039e-20
               54520          2.62186e-20
               54530          2.62333e-20
               54540           2.6248e-20
               54550          2.62628e-20
               54560          2.62776e-20
               54570          2.62924e-20
               54580          2.63073e-20
               54590          2.63222e-20
               54600          2.63371e-20
               54610           2.6352e-20
               54620          2.63669e-20
               54630          2.63819e-20
               54640          2.63969e-20
               54650           2.6412e-20
               54660           2.6427e-20
               54670          2.64421e-20
               54680          2.64573e-20
               54690          2.64724e-20
               54700          2.64876e-20
               54710          2.65028e-20
               54720           2.6518e-20
               54730          2.65333e-20
               54740          2.65485e-20
               54750          2.65638e-20
               54760          2.65792e-20
               54770          2.65946e-20
               54780          2.66099e-20
               54790          2.66254e-20
               54800          2.66408e-20
               54810          2.66563e-20
               54820          2.66718e-20
               54830          2.66873e-20
               54840          2.67029e-20
               54850          2.67185e-20
               54860          2.67341e-20
               54870          2.67497e-20
               54880          2.67654e-20
               54890          2.67811e-20
               54900          2.67968e-20
               54910          2.68125e-20
               54920          2.68283e-20
               54930          2.68441e-20
               54940            2.686e-20
               54950          2.68758e-20
               54960          2.68917e-20
               54970          2.69077e-20
               54980          2.69236e-20
               54990          2.69396e-20
               55000          2.69556e-20
               55010          2.69716e-20
               55020          2.69877e-20
               55030          2.70038e-20
               55040          2.70199e-20
               55050           2.7036e-20
               55060          2.70522e-20
               55070          2.70684e-20
               55080          2.70847e-20
               55090          2.71009e-20
               55100          2.71172e-20
               55110          2.71335e-20
               55120          2.71499e-20
               55130          2.71663e-20
               55140          2.71827e-20
               55150          2.71991e-20
               55160          2.72156e-20
               55170          2.72321e-20
               55180          2.72486e-20
               55190          2.72652e-20
               55200          2.72817e-20
               55210          2.72984e-20
               55220           2.7315e-20
               55230          2.73317e-20
               55240          2.73484e-20
               55250          2.73651e-20
               55260          2.73819e-20
               55270          2.73987e-20
               55280          2.74155e-20
               55290          2.74323e-20
               55300          2.74492e-20
               55310          2.74661e-20
               55320          2.74831e-20
               55330             2.75e-20
               55340           2.7517e-20
               55350           2.7534e-20
               55360          2.75511e-20
               55370          2.75682e-20
               55380          2.75853e-20
               55390          2.76025e-20
               55400          2.76196e-20
               55410          2.76369e-20
               55420          2.76541e-20
               55430          2.76714e-20
               55440          2.76887e-20
               55450           2.7706e-20
               55460          2.77234e-20
               55470          2.77408e-20
               55480          2.77582e-20
               55490          2.77756e-20
               55500          2.77931e-20
               55510          2.78106e-20
               55520          2.78282e-20
               55530          2.78458e-20
               55540          2.78634e-20
               55550           2.7881e-20
               55560          2.78987e-20
               55570          2.79164e-20
               55580          2.79341e-20
               55590          2.79519e-20
               55600          2.79697e-20
               55610          2.79875e-20
               55620          2.80054e-20
               55630          2.80233e-20
               55640          2.80412e-20
               55650          2.80592e-20
               55660          2.80771e-20
               55670          2.80952e-20
               55680          2.81132e-20
               55690          2.81313e-20
               55700          2.81494e-20
               55710          2.81675e-20
               55720          2.81857e-20
               55730          2.82039e-20
               55740          2.82222e-20
               55750          2.82404e-20
               55760          2.82588e-20
               55770          2.82771e-20
               55780          2.82955e-20
               55790          2.83139e-20
               55800          2.83323e-20
               55810          2.83508e-20
               55820          2.83693e-20
               55830          2.83878e-20
               55840          2.84064e-20
               55850           2.8425e-20
               55860          2.84436e-20
               55870          2.84623e-20
               55880           2.8481e-20
               55890          2.84997e-20
               55900          2.85184e-20
               55910          2.85372e-20
               55920          2.85561e-20
               55930          2.85749e-20
               55940          2.85938e-20
               55950          2.86127e-20
               55960          2.86317e-20
               55970          2.86507e-20
               55980          2.86697e-20
               55990          2.86888e-20
               56000          2.87079e-20
               56010           2.8727e-20
               56020          2.87462e-20
               56030          2.87654e-20
               56040          2.87846e-20
               56050          2.88039e-20
               56060          2.88232e-20
               56070          2.88425e-20
               56080          2.88619e-20
               56090          2.88813e-20
               56100          2.89007e-20
               56110          2.89202e-20
               56120          2.89397e-20
               56130          2.89592e-20
               56140          2.89788e-20
               56150          2.89984e-20
               56160           2.9018e-20
               56170          2.90377e-20
               56180          2.90574e-20
               56190          2.90771e-20
               56200          2.90969e-20
               56210          2.91167e-20
               56220          2.91366e-20
               56230          2.91565e-20
               56240          2.91764e-20
               56250          2.91963e-20
               56260          2.92163e-20
               56270          2.92363e-20
               56280          2.92564e-20
               56290          2.92765e-20
               56300          2.92966e-20
               56310          2.93168e-20
               56320           2.9337e-20
               56330          2.93572e-20
               56340          2.93775e-20
               56350          2.93978e-20
               56360          2.94181e-20
               56370          2.94385e-20
               56380          2.94589e-20
               56390          2.94794e-20
               56400          2.94999e-20
               56410          2.95204e-20
               56420          2.95409e-20
               56430          2.95615e-20
               56440          2.95822e-20
               56450          2.96028e-20
               56460          2.96235e-20
               56470          2.96443e-20
               56480           2.9665e-20
               56490          2.96859e-20
               56500          2.97067e-20
               56510          2.97276e-20
               56520          2.97485e-20
               56530          2.97695e-20
               56540          2.97905e-20
               56550          2.98115e-20
               56560          2.98326e-20
               56570          2.98537e-20
               56580          2.98748e-20
               56590           2.9896e-20
               56600          2.99172e-20
               56610          2.99385e-20
               56620          2.99598e-20
               56630          2.99811e-20
               56640          3.00025e-20
               56650          3.00239e-20
               56660          3.00453e-20
               56670          3.00668e-20
               56680          3.00883e-20
               56690          3.01099e-20
               56700          3.01315e-20
               56710          3.01531e-20
               56720          3.01748e-20
               56730          3.01965e-20
               56740          3.02182e-20
               56750            3.024e-20
               56760          3.02619e-20
               56770          3.02837e-20
               56780          3.03056e-20
               56790          3.03276e-20
               56800          3.03495e-20
               56810          3.03716e-20
               56820          3.03936e-20
               56830          3.04157e-20
               56840          3.04379e-20
               56850            3.046e-20
               56860          3.04822e-20
               56870          3.05045e-20
               56880          3.05268e-20
               56890          3.05491e-20
               56900          3.05715e-20
               56910          3.05939e-20
               56920          3.06164e-20
               56930          3.06388e-20
               56940          3.06614e-20
               56950          3.06839e-20
               56960          3.07065e-20
               56970          3.07292e-20
               56980          3.07519e-20
               56990          3.07746e-20
               57000          3.07974e-20
               57010          3.08202e-20
               57020           3.0843e-20
               57030          3.08659e-20
               57040          3.08889e-20
               57050          3.09118e-20
               57060          3.09348e-20
               57070          3.09579e-20
               57080           3.0981e-20
               57090          3.10041e-20
               57100          3.10273e-20
               57110          3.10505e-20
               57120          3.10738e-20
               57130          3.10971e-20
               57140          3.11204e-20
               57150          3.11438e-20
               57160          3.11672e-20
               57170          3.11907e-20
               57180          3.12142e-20
               57190          3.12377e-20
               57200          3.12613e-20
               57210           3.1285e-20
               57220          3.13086e-20
               57230          3.13323e-20
               57240          3.13561e-20
               57250          3.13799e-20
               57260          3.14037e-20
               57270          3.14276e-20
               57280          3.14515e-20
               57290          3.14755e-20
               57300          3.14995e-20
               57310          3.15236e-20
               57320          3.15477e-20
               57330          3.15718e-20
               57340           3.1596e-20
               57350          3.16202e-20
               57360          3.16445e-20
               57370          3.16688e-20
               57380          3.16931e-20
               57390          3.17175e-20
               57400           3.1742e-20
               57410          3.17665e-20
               57420           3.1791e-20
               57430          3.18156e-20
               57440          3.18402e-20
               57450          3.18648e-20
               57460          3.18895e-20
               57470          3.19143e-20
               57480          3.19391e-20
               57490          3.19639e-20
               57500          3.19888e-20
               57510          3.20137e-20
               57520          3.20387e-20
               57530          3.20637e-20
               57540          3.20887e-20
               57550          3.21138e-20
               57560           3.2139e-20
               57570          3.21642e-20
               57580          3.21894e-20
               57590          3.22147e-20
               57600            3.224e-20
               57610          3.22654e-20
               57620          3.22908e-20
               57630          3.23163e-20
               57640          3.23418e-20
               57650          3.23673e-20
               57660          3.23929e-20
               57670          3.24186e-20
               57680          3.24443e-20
               57690            3.247e-20
               57700          3.24958e-20
               57710          3.25216e-20
               57720          3.25475e-20
               57730          3.25734e-20
               57740          3.25994e-20
               57750          3.26254e-20
               57760          3.26514e-20
               57770          3.26775e-20
               57780          3.27037e-20
               57790          3.27299e-20
               57800          3.27561e-20
               57810          3.27824e-20
               57820          3.28088e-20
               57830          3.28352e-20
               57840          3.28616e-20
               57850          3.28881e-20
               57860          3.29146e-20
               57870          3.29412e-20
               57880          3.29678e-20
               57890          3.29945e-20
               57900          3.30212e-20
               57910           3.3048e-20
               57920          3.30748e-20
               57930          3.31016e-20
               57940          3.31286e-20
               57950          3.31555e-20
               57960          3.31825e-20
               57970          3.32096e-20
               57980          3.32367e-20
               57990          3.32638e-20
               58000           3.3291e-20
               58010          3.33183e-20
               58020          3.33456e-20
               58030           3.3373e-20
               58040          3.34004e-20
               58050          3.34278e-20
               58060          3.34553e-20
               58070          3.34828e-20
               58080          3.35104e-20
               58090          3.35381e-20
               58100          3.35658e-20
               58110          3.35935e-20
               58120          3.36213e-20
               58130          3.36492e-20
               58140          3.36771e-20
               58150           3.3705e-20
               58160           3.3733e-20
               58170          3.37611e-20
               58180          3.37892e-20
               58190          3.38173e-20
               58200          3.38455e-20
               58210          3.38738e-20
               58220          3.39021e-20
               58230          3.39304e-20
               58240          3.39588e-20
               58250          3.39873e-20
               58260          3.40158e-20
               58270          3.40444e-20
               58280           3.4073e-20
               58290          3.41016e-20
               58300          3.41304e-20
               58310          3.41591e-20
               58320          3.41879e-20
               58330          3.42168e-20
               58340          3.42457e-20
               58350          3.42747e-20
               58360          3.43037e-20
               58370          3.43328e-20
               58380           3.4362e-20
               58390          3.43912e-20
               58400          3.44204e-20
               58410          3.44497e-20
               58420           3.4479e-20
               58430          3.45084e-20
               58440          3.45379e-20
               58450          3.45674e-20
               58460           3.4597e-20
               58470          3.46266e-20
               58480          3.46562e-20
               58490           3.4686e-20
               58500          3.47157e-20
               58510          3.47456e-20
               58520          3.47755e-20
               58530          3.48054e-20
               58540          3.48354e-20
               58550          3.48654e-20
               58560          3.48955e-20
               58570          3.49257e-20
               58580          3.49559e-20
               58590          3.49862e-20
               58600          3.50165e-20
               58610          3.50469e-20
               58620          3.50773e-20
               58630          3.51078e-20
               58640          3.51384e-20
               58650           3.5169e-20
               58660          3.51996e-20
               58670          3.52303e-20
               58680          3.52611e-20
               58690          3.52919e-20
               58700          3.53228e-20
               58710          3.53538e-20
               58720          3.53847e-20
               58730          3.54158e-20
               58740          3.54469e-20
               58750          3.54781e-20
               58760          3.55093e-20
               58770          3.55406e-20
               58780          3.55719e-20
               58790          3.56033e-20
               58800          3.56348e-20
               58810          3.56663e-20
               58820          3.56979e-20
               58830          3.57295e-20
               58840          3.57612e-20
               58850          3.57929e-20
               58860          3.58247e-20
               58870          3.58566e-20
               58880          3.58885e-20
               58890          3.59205e-20
               58900          3.59525e-20
               58910          3.59846e-20
               58920          3.60168e-20
               58930           3.6049e-20
               58940          3.60813e-20
               58950          3.61136e-20
               58960           3.6146e-20
               58970          3.61784e-20
               58980           3.6211e-20
               58990          3.62435e-20
               59000          3.62762e-20
               59010          3.63089e-20
               59020          3.63416e-20
               59030          3.63744e-20
               59040          3.64073e-20
               59050          3.64402e-20
               59060          3.64732e-20
               59070          3.65063e-20
               59080          3.65394e-20
               59090          3.65726e-20
               59100          3.66058e-20
               59110          3.66391e-20
               59120          3.66725e-20
               59130          3.67059e-20
               59140          3.67394e-20
               59150           3.6773e-20
               59160          3.68066e-20
               59170          3.68403e-20
               59180           3.6874e-20
               59190          3.69078e-20
               59200          3.69417e-20
               59210          3.69756e-20
               59220          3.70096e-20
               59230          3.70437e-20
               59240          3.70778e-20
               59250           3.7112e-20
               59260          3.71462e-20
               59270          3.71805e-20
               59280          3.72149e-20
               59290          3.72493e-20
               59300          3.72838e-20
               59310          3.73184e-20
               59320           3.7353e-20
               59330          3.73877e-20
               59340          3.74225e-20
               59350          3.74573e-20
               59360          3.74922e-20
               59370          3.75272e-20
               59380          3.75622e-20
               59390          3.75973e-20
               59400          3.76324e-20
               59410          3.76677e-20
               59420          3.77029e-20
               59430          3.77383e-20
               59440          3.77737e-20
               59450          3.78092e-20
               59460          3.78447e-20
               59470          3.78804e-20
               59480          3.79161e-20
               59490          3.79518e-20
               59500          3.79876e-20
               59510          3.80235e-20
               59520          3.80595e-20
               59530          3.80955e-20
               59540          3.81316e-20
               59550          3.81677e-20
               59560           3.8204e-20
               59570          3.82403e-20
               59580          3.82766e-20
               59590          3.83131e-20
               59600          3.83496e-20
               59610          3.83861e-20
               59620          3.84228e-20
               59630          3.84595e-20
               59640          3.84962e-20
               59650          3.85331e-20
               59660            3.857e-20
               59670           3.8607e-20
               59680          3.86441e-20
               59690          3.86812e-20
               59700          3.87184e-20
               59710          3.87556e-20
               59720           3.8793e-20
               59730          3.88304e-20
               59740          3.88679e-20
               59750          3.89054e-20
               59760           3.8943e-20
               59770          3.89807e-20
               59780          3.90185e-20
               59790          3.90563e-20
               59800          3.90942e-20
               59810          3.91322e-20
               59820          3.91703e-20
               59830          3.92084e-20
               59840          3.92466e-20
               59850          3.92849e-20
               59860          3.93232e-20
               59870          3.93616e-20
               59880          3.94001e-20
               59890          3.94387e-20
               59900          3.94773e-20
               59910          3.95161e-20
               59920          3.95548e-20
               59930          3.95937e-20
               59940          3.96326e-20
               59950          3.96716e-20
               59960          3.97107e-20
               59970          3.97499e-20
               59980          3.97891e-20
               59990          3.98284e-20
               60000          3.98678e-20
               60010          3.99073e-20
               60020          3.99468e-20
               60030          3.99864e-20
               60040          4.00261e-20
               60050          4.00659e-20
               60060          4.01057e-20
               60070          4.01456e-20
               60080          4.01856e-20
               60090          4.02257e-20
               60100          4.02659e-20
               60110          4.03061e-20
               60120          4.03464e-20
               60130          4.03868e-20
               60140          4.04272e-20
               60150          4.04678e-20
               60160          4.05084e-20
               60170          4.05491e-20
               60180          4.05898e-20
               60190          4.06307e-20
               60200          4.06716e-20
               60210          4.07126e-20
               60220          4.07537e-20
               60230          4.07949e-20
               60240          4.08361e-20
               60250          4.08775e-20
               60260          4.09189e-20
               60270          4.09604e-20
               60280          4.10019e-20
               60290          4.10436e-20
               60300          4.10853e-20
               60310          4.11271e-20
               60320           4.1169e-20
               60330           4.1211e-20
               60340          4.12531e-20
               60350          4.12952e-20
               60360          4.13374e-20
               60370          4.13797e-20
               60380          4.14221e-20
               60390          4.14646e-20
               60400          4.15071e-20
               60410          4.15498e-20
               60420          4.15925e-20
               60430          4.16353e-20
               60440          4.16782e-20
               60450          4.17212e-20
               60460          4.17642e-20
               60470          4.18073e-20
               60480          4.18506e-20
               60490          4.18939e-20
               60500          4.19373e-20
               60510          4.19807e-20
               60520          4.20243e-20
               60530           4.2068e-20
               60540          4.21117e-20
               60550          4.21555e-20
               60560          4.21994e-20
               60570          4.22434e-20
               60580          4.22875e-20
               60590          4.23317e-20
               60600          4.23759e-20
               60610          4.24202e-20
               60620          4.24647e-20
               60630          4.25092e-20
               60640          4.25538e-20
               60650          4.25985e-20
               60660          4.26433e-20
               60670          4.26881e-20
               60680          4.27331e-20
               60690          4.27781e-20
               60700          4.28233e-20
               60710          4.28685e-20
               60720          4.29138e-20
               60730          4.29592e-20
               60740          4.30047e-20
               60750          4.30503e-20
               60760           4.3096e-20
               60770          4.31417e-20
               60780          4.31876e-20
               60790          4.32335e-20
               60800          4.32796e-20
               60810          4.33257e-20
               60820          4.33719e-20
               60830          4.34182e-20
               60840          4.34646e-20
               60850          4.35111e-20
               60860          4.35577e-20
               60870          4.36044e-20
               60880          4.36512e-20
               60890          4.36981e-20
               60900           4.3745e-20
               60910          4.37921e-20
               60920          4.38392e-20
               60930          4.38865e-20
               60940          4.39338e-20
               60950          4.39813e-20
               60960          4.40288e-20
               60970          4.40764e-20
               60980          4.41241e-20
               60990           4.4172e-20
               61000          4.42199e-20
               61010          4.42679e-20
               61020           4.4316e-20
               61030          4.43642e-20
               61040          4.44125e-20
               61050          4.44609e-20
               61060          4.45094e-20
               61070           4.4558e-20
               61080          4.46067e-20
               61090          4.46555e-20
               61100          4.47044e-20
               61110          4.47533e-20
               61120          4.48024e-20
               61130          4.48516e-20
               61140          4.49009e-20
               61150          4.49503e-20
               61160          4.49998e-20
               61170          4.50494e-20
               61180           4.5099e-20
               61190          4.51488e-20
               61200          4.51987e-20
               61210          4.52487e-20
               61220          4.52988e-20
               61230           4.5349e-20
               61240          4.53993e-20
               61250          4.54497e-20
               61260          4.55002e-20
               61270          4.55508e-20
               61280          4.56015e-20
               61290          4.56523e-20
               61300          4.57032e-20
               61310          4.57542e-20
               61320          4.58053e-20
               61330          4.58566e-20
               61340          4.59079e-20
               61350          4.59593e-20
               61360          4.60109e-20
               61370          4.60625e-20
               61380          4.61143e-20
               61390          4.61661e-20
               61400          4.62181e-20
               61410          4.62702e-20
               61420          4.63223e-20
               61430          4.63746e-20
               61440           4.6427e-20
               61450          4.64795e-20
               61460          4.65321e-20
               61470          4.65848e-20
               61480          4.66377e-20
               61490          4.66906e-20
               61500          4.67436e-20
               61510          4.67968e-20
               61520          4.68501e-20
               61530          4.69034e-20
               61540          4.69569e-20
               61550          4.70105e-20
               61560          4.70642e-20
               61570           4.7118e-20
               61580          4.71719e-20
               61590           4.7226e-20
               61600          4.72801e-20
               61610          4.73344e-20
               61620          4.73888e-20
               61630          4.74433e-20
               61640          4.74979e-20
               61650          4.75526e-20
               61660          4.76074e-20
               61670          4.76623e-20
               61680          4.77174e-20
               61690          4.77726e-20
               61700          4.78279e-20
               61710          4.78833e-20
               61720          4.79388e-20
               61730          4.79944e-20
               61740          4.80502e-20
               61750           4.8106e-20
               61760           4.8162e-20
               61770          4.82181e-20
               61780          4.82743e-20
               61790          4.83307e-20
               61800          4.83871e-20
               61810          4.84437e-20
               61820          4.85004e-20
               61830          4.85572e-20
               61840          4.86141e-20
               61850          4.86712e-20
               61860          4.87283e-20
               61870          4.87856e-20
               61880           4.8843e-20
               61890          4.89006e-20
               61900          4.89582e-20
               61910           4.9016e-20
               61920          4.90739e-20
               61930          4.91319e-20
               61940            4.919e-20
               61950          4.92483e-20
               61960          4.93067e-20
               61970          4.93652e-20
               61980          4.94238e-20
               61990          4.94826e-20
               62000          4.95415e-20
               62010          4.96005e-20
               62020          4.96596e-20
               62030          4.97189e-20
               62040          4.97783e-20
               62050          4.98378e-20
               62060          4.98974e-20
               62070          4.99572e-20
               62080          5.00171e-20
               62090          5.00771e-20
               62100          5.01372e-20
               62110          5.01975e-20
               62120          5.02579e-20
               62130          5.03185e-20
               62140          5.03791e-20
               62150          5.04399e-20
               62160          5.05008e-20
               62170          5.05619e-20
               62180          5.06231e-20
               62190          5.06844e-20
               62200          5.07459e-20
               62210          5.08074e-20
               62220          5.08691e-20
               62230           5.0931e-20
               62240           5.0993e-20
               62250          5.10551e-20
               62260          5.11173e-20
               62270          5.11797e-20
               62280          5.12422e-20
               62290          5.13049e-20
               62300          5.13677e-20
               62310          5.14306e-20
               62320          5.14936e-20
               62330          5.15568e-20
               62340          5.16202e-20
               62350          5.16836e-20
               62360          5.17472e-20
               62370           5.1811e-20
               62380          5.18748e-20
               62390          5.19389e-20
               62400           5.2003e-20
               62410          5.20673e-20
               62420          5.21318e-20
               62430          5.21963e-20
               62440          5.22611e-20
               62450          5.23259e-20
               62460          5.23909e-20
               62470          5.24561e-20
               62480          5.25213e-20
               62490          5.25868e-20
               62500          5.26523e-20
               62510          5.27181e-20
               62520          5.27839e-20
               62530          5.28499e-20
               62540          5.29161e-20
               62550          5.29824e-20
               62560          5.30488e-20
               62570          5.31154e-20
               62580          5.31821e-20
               62590           5.3249e-20
               62600           5.3316e-20
               62610          5.33832e-20
               62620          5.34505e-20
               62630           5.3518e-20
               62640          5.35856e-20
               62650          5.36533e-20
               62660          5.37213e-20
               62670          5.37893e-20
               62680          5.38575e-20
               62690          5.39259e-20
               62700          5.39944e-20
               62710          5.40631e-20
               62720          5.41319e-20
               62730          5.42009e-20
               62740            5.427e-20
               62750          5.43393e-20
               62760          5.44087e-20
               62770          5.44783e-20
               62780          5.45481e-20
               62790           5.4618e-20
               62800           5.4688e-20
               62810          5.47582e-20
               62820          5.48286e-20
               62830          5.48991e-20
               62840          5.49698e-20
               62850          5.50407e-20
               62860          5.51117e-20
               62870          5.51828e-20
               62880          5.52541e-20
               62890          5.53256e-20
               62900          5.53973e-20
               62910          5.54691e-20
               62920           5.5541e-20
               62930          5.56131e-20
               62940          5.56854e-20
               62950          5.57579e-20
               62960          5.58305e-20
               62970          5.59033e-20
               62980          5.59762e-20
               62990          5.60493e-20
               63000          5.61226e-20
               63010           5.6196e-20
               63020          5.62696e-20
               63030          5.63434e-20
               63040          5.64173e-20
               63050          5.64914e-20
               63060          5.65657e-20
               63070          5.66401e-20
               63080          5.67147e-20
               63090          5.67895e-20
               63100          5.68644e-20
               63110          5.69395e-20
               63120          5.70148e-20
               63130          5.70903e-20
               63140          5.71659e-20
               63150          5.72417e-20
               63160          5.73177e-20
               63170          5.73939e-20
               63180          5.74702e-20
               63190          5.75467e-20
               63200          5.76233e-20
               63210          5.77002e-20
               63220          5.77772e-20
               63230          5.78544e-20
               63240          5.79318e-20
               63250          5.80094e-20
               63260          5.80871e-20
               63270           5.8165e-20
               63280          5.82431e-20
               63290          5.83214e-20
               63300          5.83998e-20
               63310          5.84785e-20
               63320          5.85573e-20
               63330          5.86363e-20
               63340          5.87155e-20
               63350          5.87948e-20
               63360          5.88744e-20
               63370          5.89541e-20
               63380           5.9034e-20
               63390          5.91141e-20
               63400          5.91944e-20
               63410          5.92749e-20
               63420          5.93555e-20
               63430          5.94364e-20
               63440          5.95174e-20
               63450          5.95987e-20
               63460          5.96801e-20
               63470          5.97617e-20
               63480          5.98435e-20
               63490          5.99255e-20
               63500          6.00076e-20
               63510            6.009e-20
               63520          6.01726e-20
               63530          6.02553e-20
               63540          6.03383e-20
               63550          6.04214e-20
               63560          6.05048e-20
               63570          6.05883e-20
               63580           6.0672e-20
               63590           6.0756e-20
               63600          6.08401e-20
               63610          6.09244e-20
               63620          6.10089e-20
               63630          6.10937e-20
               63640          6.11786e-20
               63650          6.12637e-20
               63660           6.1349e-20
               63670          6.14346e-20
               63680          6.15203e-20
               63690          6.16062e-20
               63700          6.16924e-20
               63710          6.17787e-20
               63720          6.18652e-20
               63730           6.1952e-20
               63740           6.2039e-20
               63750          6.21261e-20
               63760          6.22135e-20
               63770          6.23011e-20
               63780          6.23889e-20
               63790          6.24769e-20
               63800          6.25651e-20
               63810          6.26535e-20
               63820          6.27421e-20
               63830           6.2831e-20
               63840            6.292e-20
               63850          6.30093e-20
               63860          6.30988e-20
               63870          6.31885e-20
               63880          6.32784e-20
               63890          6.33685e-20
               63900          6.34589e-20
               63910          6.35494e-20
               63920          6.36402e-20
               63930          6.37312e-20
               63940          6.38225e-20
               63950          6.39139e-20
               63960          6.40056e-20
               63970          6.40975e-20
               63980          6.41896e-20
               63990          6.42819e-20
               64000          6.43744e-20
               64010          6.44672e-20
               64020          6.45602e-20
               64030          6.46535e-20
               64040          6.47469e-20
               64050          6.48406e-20
               64060          6.49345e-20
               64070          6.50287e-20
               64080           6.5123e-20
               64090          6.52176e-20
               64100          6.53125e-20
               64110          6.54075e-20
               64120          6.55028e-20
               64130          6.55984e-20
               64140          6.56941e-20
               64150          6.57901e-20
               64160          6.58864e-20
               64170          6.59829e-20
               64180          6.60796e-20
               64190          6.61765e-20
               64200          6.62737e-20
               64210          6.63711e-20
               64220          6.64688e-20
               64230          6.65667e-20
               64240          6.66649e-20
               64250          6.67633e-20
               64260          6.68619e-20
               64270          6.69608e-20
               64280          6.70599e-20
               64290          6.71593e-20
               64300          6.72589e-20
               64310          6.73588e-20
               64320          6.74589e-20
               64330          6.75592e-20
               64340          6.76598e-20
               64350          6.77607e-20
               64360          6.78618e-20
               64370          6.79632e-20
               64380          6.80648e-20
               64390          6.81667e-20
               64400          6.82688e-20
               64410          6.83712e-20
               64420          6.84738e-20
               64430          6.85767e-20
               64440          6.86799e-20
               64450          6.87833e-20
               64460           6.8887e-20
               64470          6.89909e-20
               64480          6.90951e-20
               64490          6.91996e-20
               64500          6.93043e-20
               64510          6.94093e-20
               64520          6.95145e-20
               64530          6.96201e-20
               64540          6.97259e-20
               64550          6.98319e-20
               64560          6.99382e-20
               64570          7.00448e-20
               64580          7.01517e-20
               64590          7.02588e-20
               64600          7.03662e-20
               64610          7.04739e-20
               64620          7.05819e-20
               64630          7.06901e-20
               64640          7.07986e-20
               64650          7.09074e-20
               64660          7.10164e-20
               64670          7.11258e-20
               64680          7.12354e-20
               64690          7.13453e-20
               64700          7.14555e-20
               64710          7.15659e-20
               64720          7.16767e-20
               64730          7.17877e-20
               64740           7.1899e-20
               64750          7.20106e-20
               64760          7.21225e-20
               64770          7.22347e-20
               64780          7.23472e-20
               64790          7.24599e-20
               64800           7.2573e-20
               64810          7.26863e-20
               64820             7.28e-20
               64830          7.29139e-20
               64840          7.30281e-20
               64850          7.31427e-20
               64860          7.32575e-20
               64870          7.33726e-20
               64880           7.3488e-20
               64890          7.36037e-20
               64900          7.37198e-20
               64910          7.38361e-20
               64920          7.39527e-20
               64930          7.40696e-20
               64940          7.41869e-20
               64950          7.43044e-20
               64960          7.44223e-20
               64970          7.45404e-20
               64980          7.46589e-20
               64990          7.47777e-20
               65000          7.48968e-20
               65010          7.50162e-20
               65020          7.51359e-20
               65030          7.52559e-20
               65040          7.53763e-20
               65050           7.5497e-20
               65060           7.5618e-20
               65070          7.57393e-20
               65080          7.58609e-20
               65090          7.59829e-20
               65100          7.61051e-20
               65110          7.62277e-20
               65120          7.63507e-20
               65130          7.64739e-20
               65140          7.65975e-20
               65150          7.67214e-20
               65160          7.68456e-20
               65170          7.69702e-20
               65180          7.70951e-20
               65190          7.72204e-20
               65200          7.73459e-20
               65210          7.74718e-20
               65220          7.75981e-20
               65230          7.77247e-20
               65240          7.78516e-20
               65250          7.79789e-20
               65260          7.81065e-20
               65270          7.82344e-20
               65280          7.83627e-20
               65290          7.84914e-20
               65300          7.86204e-20
               65310          7.87497e-20
               65320          7.88794e-20
               65330          7.90094e-20
               65340          7.91398e-20
               65350          7.92705e-20
               65360          7.94016e-20
               65370          7.95331e-20
               65380          7.96649e-20
               65390          7.97971e-20
               65400          7.99296e-20
               65410          8.00625e-20
               65420          8.01958e-20
               65430          8.03294e-20
               65440          8.04633e-20
               65450          8.05977e-20
               65460          8.07324e-20
               65470          8.08675e-20
               65480          8.10029e-20
               65490          8.11388e-20
               65500           8.1275e-20
               65510          8.14115e-20
               65520          8.15485e-20
               65530          8.16858e-20
               65540          8.18235e-20
               65550          8.19616e-20
               65560          8.21001e-20
               65570          8.22389e-20
               65580          8.23782e-20
               65590          8.25178e-20
               65600          8.26578e-20
               65610          8.27982e-20
               65620           8.2939e-20
               65630          8.30801e-20
               65640          8.32217e-20
               65650          8.33637e-20
               65660           8.3506e-20
               65670          8.36488e-20
               65680          8.37919e-20
               65690          8.39355e-20
               65700          8.40795e-20
               65710          8.42238e-20
               65720          8.43686e-20
               65730          8.45137e-20
               65740          8.46593e-20
               65750          8.48053e-20
               65760          8.49517e-20
               65770          8.50985e-20
               65780          8.52457e-20
               65790          8.53934e-20
               65800          8.55414e-20
               65810          8.56899e-20
               65820          8.58388e-20
               65830          8.59881e-20
               65840          8.61379e-20
               65850           8.6288e-20
               65860          8.64386e-20
               65870          8.65896e-20
               65880          8.67411e-20
               65890           8.6893e-20
               65900          8.70453e-20
               65910           8.7198e-20
               65920          8.73512e-20
               65930          8.75048e-20
               65940          8.76589e-20
               65950          8.78134e-20
               65960          8.79684e-20
               65970          8.81237e-20
               65980          8.82796e-20
               65990          8.84359e-20
               66000          8.85926e-20
               66010          8.87498e-20
               66020          8.89074e-20
               66030          8.90655e-20
               66040          8.92241e-20
               66050          8.93831e-20
               66060          8.95426e-20
               66070          8.97025e-20
               66080          8.98629e-20
               66090          9.00238e-20
               66100          9.01851e-20
               66110          9.03469e-20
               66120          9.05092e-20
               66130          9.06719e-20
               66140          9.08351e-20
               66150          9.09988e-20
               66160           9.1163e-20
               66170          9.13277e-20
               66180          9.14928e-20
               66190          9.16584e-20
               66200          9.18245e-20
               66210          9.19911e-20
               66220          9.21582e-20
               66230          9.23258e-20
               66240          9.24939e-20
               66250          9.26624e-20
               66260          9.28315e-20
               66270          9.30011e-20
               66280          9.31711e-20
               66290          9.33417e-20
               66300          9.35128e-20
               66310          9.36844e-20
               66320          9.38565e-20
               66330          9.40291e-20
               66340          9.42022e-20
               66350          9.43758e-20
               66360            9.455e-20
               66370          9.47247e-20
               66380          9.48999e-20
               66390          9.50756e-20
               66400          9.52518e-20
               66410          9.54286e-20
               66420          9.56059e-20
               66430          9.57838e-20
               66440          9.59621e-20
               66450           9.6141e-20
               66460          9.63205e-20
               66470          9.65005e-20
               66480           9.6681e-20
               66490          9.68621e-20
               66500          9.70437e-20
               66510          9.72259e-20
               66520          9.74086e-20
               66530          9.75919e-20
               66540          9.77758e-20
               66550          9.79602e-20
               66560          9.81451e-20
               66570          9.83307e-20
               66580          9.85167e-20
               66590          9.87034e-20
               66600          9.88906e-20
               66610          9.90785e-20
               66620          9.92668e-20
               66630          9.94558e-20
               66640          9.96453e-20
               66650          9.98355e-20
               66660          1.00026e-19
               66670          1.00217e-19
               66680          1.00409e-19
               66690          1.00602e-19
               66700          1.00795e-19
               66710          1.00989e-19
               66720          1.01183e-19
               66730          1.01378e-19
               66740          1.01573e-19
               66750          1.01769e-19
               66760          1.01966e-19
               66770          1.02163e-19
               66780          1.02361e-19
               66790           1.0256e-19
               66800          1.02759e-19
               66810          1.02959e-19
               66820          1.03159e-19
               66830           1.0336e-19
               66840          1.03562e-19
               66850          1.03764e-19
               66860          1.03967e-19
               66870          1.04171e-19
               66880          1.04375e-19
               66890           1.0458e-19
               66900          1.04785e-19
               66910          1.04991e-19
               66920          1.05198e-19
               66930          1.05406e-19
               66940          1.05614e-19
               66950          1.05822e-19
               66960          1.06032e-19
               66970          1.06242e-19
               66980          1.06453e-19
               66990          1.06664e-19
               67000          1.06876e-19
               67010          1.07089e-19
               67020          1.07303e-19
               67030          1.07517e-19
               67040          1.07732e-19
               67050          1.07947e-19
               67060          1.08163e-19
               67070           1.0838e-19
               67080          1.08598e-19
               67090          1.08816e-19
               67100          1.09035e-19
               67110          1.09255e-19
               67120          1.09476e-19
               67130          1.09697e-19
               67140          1.09919e-19
               67150          1.10141e-19
               67160          1.10365e-19
               67170          1.10589e-19
               67180          1.10813e-19
               67190          1.11039e-19
               67200          1.11265e-19
               67210          1.11492e-19
               67220           1.1172e-19
               67230          1.11948e-19
               67240          1.12178e-19
               67250          1.12408e-19
               67260          1.12638e-19
               67270           1.1287e-19
               67280          1.13102e-19
               67290          1.13335e-19
               67300          1.13569e-19
               67310          1.13803e-19
               67320          1.14039e-19
               67330          1.14275e-19
               67340          1.14512e-19
               67350          1.14749e-19
               67360          1.14988e-19
               67370          1.15227e-19
               67380          1.15467e-19
               67390          1.15708e-19
               67400           1.1595e-19
               67410          1.16192e-19
               67420          1.16436e-19
               67430           1.1668e-19
               67440          1.16925e-19
               67450           1.1717e-19
               67460          1.17417e-19
               67470          1.17664e-19
               67480          1.17913e-19
               67490          1.18162e-19
               67500          1.18412e-19
               67510          1.18663e-19
               67520          1.18914e-19
               67530          1.19167e-19
               67540           1.1942e-19
               67550          1.19674e-19
               67560          1.19929e-19
               67570          1.20185e-19
               67580          1.20442e-19
               67590            1.207e-19
               67600          1.20958e-19
               67610          1.21218e-19
               67620          1.21478e-19
               67630          1.21739e-19
               67640          1.22001e-19
               67650          1.22264e-19
               67660          1.22528e-19
               67670          1.22793e-19
               67680          1.23059e-19
               67690          1.23326e-19
               67700          1.23593e-19
               67710          1.23862e-19
               67720          1.24131e-19
               67730          1.24402e-19
               67740          1.24673e-19
               67750          1.24945e-19
               67760          1.25218e-19
               67770          1.25493e-19
               67780          1.25768e-19
               67790          1.26044e-19
               67800          1.26321e-19
               67810          1.26599e-19
               67820          1.26878e-19
               67830          1.27158e-19
               67840          1.27439e-19
               67850          1.27721e-19
               67860          1.28004e-19
               67870          1.28288e-19
               67880          1.28573e-19
               67890          1.28859e-19
               67900          1.29146e-19
               67910          1.29434e-19
               67920          1.29723e-19
               67930          1.30013e-19
               67940          1.30304e-19
               67950          1.30596e-19
               67960          1.30889e-19
               67970          1.31184e-19
               67980          1.31479e-19
               67990          1.31775e-19
               68000          1.32073e-19
               68010          1.32371e-19
               68020          1.32671e-19
               68030          1.32971e-19
               68040          1.33273e-19
               68050          1.33576e-19
               68060           1.3388e-19
               68070          1.34185e-19
               68080          1.34491e-19
               68090          1.34798e-19
               68100          1.35107e-19
               68110          1.35416e-19
               68120          1.35727e-19
               68130          1.36039e-19
               68140          1.36351e-19
               68150          1.36665e-19
               68160          1.36981e-19
               68170          1.37297e-19
               68180          1.37614e-19
               68190          1.37933e-19
               68200          1.38253e-19
               68210          1.38574e-19
               68220          1.38896e-19
               68230           1.3922e-19
               68240          1.39544e-19
               68250           1.3987e-19
               68260          1.40197e-19
               68270          1.40525e-19
               68280          1.40855e-19
               68290          1.41185e-19
               68300          1.41517e-19
               68310          1.41851e-19
               68320          1.42185e-19
               68330          1.42521e-19
               68340          1.42858e-19
               68350          1.43196e-19
               68360          1.43535e-19
               68370          1.43876e-19
               68380          1.44218e-19
               68390          1.44561e-19
               68400          1.44906e-19
               68410          1.45252e-19
               68420          1.45599e-19
               68430          1.45948e-19
               68440          1.46298e-19
               68450          1.46649e-19
               68460          1.47002e-19
               68470          1.47355e-19
               68480          1.47711e-19
               68490          1.48067e-19
               68500          1.48425e-19
               68510          1.48785e-19
               68520          1.49146e-19
               68530          1.49508e-19
               68540          1.49871e-19
               68550          1.50236e-19
               68560          1.50603e-19
               68570           1.5097e-19
               68580           1.5134e-19
               68590           1.5171e-19
               68600          1.52082e-19
               68610          1.52456e-19
               68620          1.52831e-19
               68630          1.53207e-19
               68640          1.53585e-19
               68650          1.53965e-19
               68660          1.54346e-19
               68670          1.54728e-19
               68680          1.55112e-19
               68690          1.55497e-19
               68700          1.55884e-19
               68710          1.56273e-19
               68720          1.56663e-19
               68730          1.57054e-19
               68740          1.57448e-19
               68750          1.57842e-19
               68760          1.58238e-19
               68770          1.58636e-19
               68780          1.59036e-19
               68790          1.59437e-19
               68800          1.59839e-19
               68810          1.60244e-19
               68820          1.60649e-19
               68830          1.61057e-19
               68840          1.61466e-19
               68850          1.61877e-19
               68860          1.62289e-19
               68870          1.62703e-19
               68880          1.63119e-19
               68890          1.63537e-19
               68900          1.63956e-19
               68910          1.64377e-19
               68920          1.64799e-19
               68930          1.65224e-19
               68940           1.6565e-19
               68950          1.66077e-19
               68960          1.66507e-19
               68970          1.66938e-19
               68980          1.67371e-19
               68990          1.67806e-19
               69000          1.68243e-19
               69010          1.68681e-19
               69020          1.69122e-19
               69030          1.69564e-19
               69040          1.70008e-19
               69050          1.70453e-19
               69060          1.70901e-19
               69070           1.7135e-19
               69080          1.71802e-19
               69090          1.72255e-19
               69100           1.7271e-19
               69110          1.73167e-19
               69120          1.73626e-19
               69130          1.74087e-19
               69140           1.7455e-19
               69150          1.75015e-19
               69160          1.75482e-19
               69170           1.7595e-19
               69180          1.76421e-19
               69190          1.76894e-19
               69200          1.77369e-19
               69210          1.77845e-19
               69220          1.78324e-19
               69230          1.78805e-19
               69240          1.79288e-19
               69250          1.79773e-19
               69260           1.8026e-19
               69270          1.80749e-19
               69280           1.8124e-19
               69290          1.81733e-19
               69300          1.82229e-19
               69310          1.82727e-19
               69320          1.83226e-19
               69330          1.83728e-19
               69340          1.84232e-19
               69350          1.84739e-19
               69360          1.85247e-19
               69370          1.85758e-19
               69380          1.86271e-19
               69390          1.86786e-19
               69400          1.87304e-19
               69410          1.87823e-19
               69420          1.88346e-19
               69430           1.8887e-19
               69440          1.89397e-19
               69450          1.89925e-19
               69460          1.90457e-19
               69470          1.90991e-19
               69480          1.91527e-19
               69490          1.92065e-19
               69500          1.92606e-19
               69510          1.93149e-19
               69520          1.93695e-19
               69530          1.94243e-19
               69540          1.94794e-19
               69550          1.95347e-19
               69560          1.95902e-19
               69570           1.9646e-19
               69580          1.97021e-19
               69590          1.97584e-19
               69600           1.9815e-19
               69610          1.98718e-19
               69620          1.99289e-19
               69630          1.99862e-19
               69640          2.00438e-19
               69650          2.01017e-19
               69660          2.01598e-19
               69670          2.02182e-19
               69680          2.02769e-19
               69690          2.03358e-19
               69700           2.0395e-19
               69710          2.04545e-19
               69720          2.05143e-19
               69730          2.05743e-19
               69740          2.06346e-19
               69750          2.06952e-19
               69760          2.07561e-19
               69770          2.08172e-19
               69780          2.08787e-19
               69790          2.09404e-19
               69800          2.10024e-19
               69810          2.10647e-19
               69820          2.11273e-19
               69830          2.11902e-19
               69840          2.12534e-19
               69850          2.13169e-19
               69860          2.13807e-19
               69870          2.14448e-19
               69880          2.15092e-19
               69890          2.15739e-19
               69900           2.1639e-19
               69910          2.17043e-19
               69920          2.17699e-19
               69930          2.18359e-19
               69940          2.19022e-19
               69950          2.19688e-19
               69960          2.20357e-19
               69970          2.21029e-19
               69980          2.21705e-19
               69990          2.22384e-19
               70000          2.23066e-19
               70010          2.23752e-19
               70020           2.2444e-19
               70030          2.25133e-19
               70040          2.25828e-19
               70050          2.26527e-19
               70060           2.2723e-19
               70070          2.27936e-19
               70080          2.28645e-19
               70090          2.29358e-19
               70100          2.30074e-19
               70110          2.30794e-19
               70120          2.31518e-19
               70130          2.32245e-19
               70140          2.32976e-19
               70150           2.3371e-19
               70160          2.34448e-19
               70170           2.3519e-19
               70180          2.35936e-19
               70190          2.36685e-19
               70200          2.37438e-19
               70210          2.38195e-19
               70220          2.38955e-19
               70230           2.3972e-19
               70240          2.40488e-19
               70250          2.41261e-19
               70260          2.42037e-19
               70270          2.42817e-19
               70280          2.43601e-19
               70290          2.44389e-19
               70300          2.45182e-19
               70310          2.45978e-19
               70320          2.46778e-19
               70330          2.47583e-19
               70340          2.48392e-19
               70350          2.49205e-19
               70360          2.50022e-19
               70370          2.50843e-19
               70380          2.51669e-19
               70390          2.52499e-19
               70400          2.53333e-19
               70410          2.54172e-19
               70420          2.55015e-19
               70430          2.55863e-19
               70440          2.56715e-19
               70450          2.57571e-19
               70460          2.58432e-19
               70470          2.59298e-19
               70480          2.60168e-19
               70490          2.61043e-19
               70500          2.61923e-19
               70510          2.62807e-19
               70520          2.63696e-19
               70530           2.6459e-19
               70540          2.65489e-19
               70550          2.66392e-19
               70560            2.673e-19
               70570          2.68214e-19
               70580          2.69132e-19
               70590          2.70055e-19
               70600          2.70983e-19
               70610          2.71917e-19
               70620          2.72855e-19
               70630          2.73798e-19
               70640          2.74747e-19
               70650          2.75701e-19
               70660           2.7666e-19
               70670          2.77625e-19
               70680          2.78595e-19
               70690           2.7957e-19
               70700          2.80551e-19
               70710          2.81537e-19
               70720          2.82529e-19
               70730          2.83526e-19
               70740          2.84529e-19
               70750          2.85537e-19
               70760          2.86551e-19
               70770          2.87571e-19
               70780          2.88597e-19
               70790          2.89628e-19
               70800          2.90665e-19
               70810          2.91709e-19
               70820          2.92758e-19
               70830          2.93813e-19
               70840          2.94874e-19
               70850          2.95941e-19
               70860          2.97015e-19
               70870          2.98094e-19
               70880           2.9918e-19
               70890          3.00272e-19
               70900          3.01371e-19
               70910          3.02476e-19
               70920          3.03587e-19
               70930          3.04705e-19
               70940          3.05829e-19
               70950           3.0696e-19
               70960          3.08098e-19
               70970          3.09243e-19
               70980          3.10394e-19
               70990          3.11552e-19
               71000          3.12716e-19
               71010          3.13888e-19
               71020          3.15067e-19
               71030          3.16253e-19
               71040          3.17446e-19
               71050          3.18646e-19
               71060          3.19853e-19
               71070          3.21068e-19
               71080          3.22289e-19
               71090          3.23519e-19
               71100          3.24756e-19
               71110             3.26e-19
               71120          3.27252e-19
               71130          3.28511e-19
               71140          3.29779e-19
               71150          3.31054e-19
               71160          3.32337e-19
               71170          3.33628e-19
               71180          3.34926e-19
               71190          3.36233e-19
               71200          3.37548e-19
               71210          3.38872e-19
               71220          3.40203e-19
               71230          3.41543e-19
               71240          3.42891e-19
               71250          3.44248e-19
               71260          3.45613e-19
               71270          3.46987e-19
               71280           3.4837e-19
               71290          3.49761e-19
               71300          3.51161e-19
               71310          3.52571e-19
               71320          3.53989e-19
               71330          3.55416e-19
               71340          3.56853e-19
               71350          3.58299e-19
               71360          3.59754e-19
               71370          3.61218e-19
               71380          3.62692e-19
               71390          3.64176e-19
               71400          3.65669e-19
               71410          3.67173e-19
               71420          3.68686e-19
               71430          3.70209e-19
               71440          3.71742e-19
               71450          3.73285e-19
               71460          3.74838e-19
               71470          3.76402e-19
               71480          3.77976e-19
               71490           3.7956e-19
               71500          3.81156e-19
               71510          3.82762e-19
               71520          3.84378e-19
               71530          3.86006e-19
               71540          3.87645e-19
               71550          3.89294e-19
               71560          3.90955e-19
               71570          3.92628e-19
               71580          3.94312e-19
               71590          3.96007e-19
               71600          3.97714e-19
               71610          3.99433e-19
               71620          4.01163e-19
               71630          4.02906e-19
               71640           4.0466e-19
               71650          4.06427e-19
               71660          4.08207e-19
               71670          4.09998e-19
               71680          4.11803e-19
               71690           4.1362e-19
               71700          4.15449e-19
               71710          4.17292e-19
               71720          4.19148e-19
               71730          4.21017e-19
               71740            4.229e-19
               71750          4.24795e-19
               71760          4.26705e-19
               71770          4.28628e-19
               71780          4.30565e-19
               71790          4.32516e-19
               71800          4.34482e-19
               71810          4.36461e-19
               71820          4.38455e-19
               71830          4.40464e-19
               71840          4.42487e-19
               71850          4.44525e-19
               71860          4.46579e-19
               71870          4.48647e-19
               71880          4.50731e-19
               71890          4.52831e-19
               71900          4.54946e-19
               71910          4.57076e-19
               71920          4.59223e-19
               71930          4.61386e-19
               71940          4.63566e-19
               71950          4.65762e-19
               71960          4.67974e-19
               71970          4.70204e-19
               71980           4.7245e-19
               71990          4.74714e-19
               72000          4.76995e-19
               72010          4.79294e-19
               72020           4.8161e-19
               72030          4.83945e-19
               72040          4.86297e-19
               72050          4.88668e-19
               72060          4.91058e-19
               72070          4.93466e-19
               72080          4.95893e-19
               72090           4.9834e-19
               72100          5.00806e-19
               72110          5.03291e-19
               72120          5.05796e-19
               72130          5.08321e-19
               72140          5.10867e-19
               72150          5.13433e-19
               72160           5.1602e-19
               72170          5.18627e-19
               72180          5.21256e-19
               72190          5.23907e-19
               72200          5.26579e-19
               72210          5.29272e-19
               72220          5.31988e-19
               72230          5.34727e-19
               72240          5.37488e-19
               72250          5.40272e-19
               72260          5.43079e-19
               72270           5.4591e-19
               72280          5.48765e-19
               72290          5.51643e-19
               72300          5.54546e-19
               72310          5.57473e-19
               72320          5.60426e-19
               72330          5.63403e-19
               72340          5.66406e-19
               72350          5.69435e-19
               72360          5.72489e-19
               72370          5.75571e-19
               72380          5.78679e-19
               72390          5.81813e-19
               72400          5.84976e-19
               72410          5.88166e-19
               72420          5.91384e-19
               72430           5.9463e-19
               72440          5.97905e-19
               72450           6.0121e-19
               72460          6.04543e-19
               72470          6.07907e-19
               72480          6.11301e-19
               72490          6.14725e-19
               72500           6.1818e-19
               72510          6.21667e-19
               72520          6.25185e-19
               72530          6.28735e-19
               72540          6.32318e-19
               72550          6.35934e-19
               72560          6.39583e-19
               72570          6.43266e-19
               72580          6.46984e-19
               72590          6.50736e-19
               72600          6.54523e-19
               72610          6.58346e-19
               72620          6.62204e-19
               72630            6.661e-19
               72640          6.70032e-19
               72650          6.74002e-19
               72660           6.7801e-19
               72670          6.82056e-19
               72680          6.86142e-19
               72690          6.90267e-19
               72700          6.94432e-19
               72710          6.98638e-19
               72720          7.02885e-19
               72730          7.07174e-19
               72740          7.11505e-19
               72750          7.15879e-19
               72760          7.20296e-19
               72770          7.24758e-19
               72780          7.29264e-19
               72790          7.33816e-19
               72800          7.38413e-19
               72810          7.43058e-19
               72820          7.47749e-19
               72830          7.52489e-19
               72840          7.57277e-19
               72850          7.62114e-19
               72860          7.67002e-19
               72870           7.7194e-19
               72880           7.7693e-19
               72890          7.81972e-19
               72900          7.87068e-19
               72910          7.92217e-19
               72920           7.9742e-19
               72930          8.02679e-19
               72940          8.07994e-19
               72950          8.13366e-19
               72960          8.18797e-19
               72970          8.24286e-19
               72980          8.29834e-19
               72990          8.35443e-19
               73000          8.41114e-19
               73010          8.46847e-19
               73020          8.52644e-19
               73030          8.58505e-19
               73040          8.64431e-19
               73050          8.70424e-19
               73060          8.76484e-19
               73070          8.82613e-19
               73080          8.88811e-19
               73090           8.9508e-19
               73100           9.0142e-19
               73110          9.07834e-19
               73120          9.14322e-19
               73130          9.20885e-19
               73140          9.27524e-19
               73150          9.34241e-19
               73160          9.41038e-19
               73170          9.47914e-19
               73180          9.54873e-19
               73190          9.61914e-19
               73200           9.6904e-19
               73210          9.76251e-19
               73220           9.8355e-19
               73230          9.90938e-19
               73240          9.98415e-19
               73250          1.00598e-18
               73260          1.01365e-18
               73270          1.02141e-18
               73280          1.02926e-18
               73290          1.03721e-18
               73300          1.04526e-18
               73310          1.05342e-18
               73320          1.06168e-18
               73330          1.07004e-18
               73340          1.07851e-18
               73350          1.08709e-18
               73360          1.09578e-18
               73370          1.10458e-18
               73380           1.1135e-18
               73390          1.12254e-18
               73400          1.13169e-18
               73410          1.14097e-18
               73420          1.15037e-18
               73430          1.15989e-18
               73440          1.16955e-18
               73450          1.17933e-18
               73460          1.18925e-18
               73470          1.19931e-18
               73480           1.2095e-18
               73490          1.21984e-18
               73500          1.23031e-18
               73510          1.24094e-18
               73520          1.25171e-18
               73530          1.26264e-18
               73540          1.27372e-18
               73550          1.28496e-18
               73560          1.29637e-18
               73570          1.30793e-18
               73580          1.31967e-18
               73590          1.33157e-18
               73600          1.34366e-18
               73610          1.35592e-18
               73620          1.36836e-18
               73630          1.38099e-18
               73640          1.39381e-18
               73650          1.40682e-18
               73660          1.42003e-18
               73670          1.43344e-18
               73680          1.44706e-18
               73690          1.46089e-18
               73700          1.47494e-18
               73710           1.4892e-18
               73720          1.50369e-18
               73730          1.51841e-18
               73740          1.53337e-18
               73750          1.54856e-18
               73760            1.564e-18
               73770          1.57969e-18
               73780          1.59564e-18
               73790          1.61185e-18
               73800          1.62833e-18
               73810          1.64508e-18
               73820          1.66212e-18
               73830          1.67944e-18
               73840          1.69706e-18
               73850          1.71497e-18
               73860           1.7332e-18
               73870          1.75174e-18
               73880           1.7706e-18
               73890          1.78979e-18
               73900          1.80933e-18
               73910          1.82921e-18
               73920          1.84945e-18
               73930          1.87005e-18
               73940          1.89102e-18
               73950          1.91238e-18
               73960          1.93413e-18
               73970          1.95628e-18
               73980          1.97885e-18
               73990          2.00184e-18
               74000          2.02527e-18
               74010          2.04914e-18
               74020          2.07347e-18
               74030          2.09827e-18
               74040          2.12355e-18
               74050          2.14933e-18
               74060          2.17562e-18
               74070          2.20243e-18
               74080          2.22978e-18
               74090          2.25768e-18
               74100          2.28615e-18
               74110           2.3152e-18
               74120          2.34485e-18
               74130          2.37512e-18
               74140          2.40603e-18
               74150          2.43759e-18
               74160          2.46982e-18
               74170          2.50274e-18
               74180          2.53638e-18
               74190          2.57075e-18
               74200          2.60588e-18
               74210          2.64179e-18
               74220           2.6785e-18
               74230          2.71604e-18
               74240          2.75443e-18
               74250           2.7937e-18
               74260          2.83388e-18
               74270            2.875e-18
               74280          2.91709e-18
               74290          2.96018e-18
               74300           3.0043e-18
               74310          3.04948e-18
               74320          3.09576e-18
               74330          3.14319e-18
               74340          3.19179e-18
               74350           3.2416e-18
               74360          3.29268e-18
               74370          3.34506e-18
               74380          3.39878e-18
               74390          3.45391e-18
               74400          3.51047e-18
               74410          3.56854e-18
               74420          3.62816e-18
               74430          3.68939e-18
               74440          3.75229e-18
               74450          3.81692e-18
               74460          3.88335e-18
               74470          3.95165e-18
               74480          4.02188e-18
               74490          4.09413e-18
               74500          4.16847e-18
               74510          4.24499e-18
               74520          4.32378e-18
               74530          4.40492e-18
               74540          4.48851e-18
               74550          4.57466e-18
               74560          4.66347e-18
               74570          4.75506e-18
               74580          4.84954e-18
               74590          4.94704e-18
               74600           5.0477e-18
               74610          5.15164e-18
               74620          5.25903e-18
               74630          5.37001e-18
               74640          5.48475e-18
               74650          5.60343e-18
               74660          5.72623e-18
               74670          5.85335e-18
               74680          5.98499e-18
               74690          6.12139e-18
               74700          6.26276e-18
               74710          6.40936e-18
               74720          6.56146e-18
               74730          6.71934e-18
               74740           6.8833e-18
               74750          7.05365e-18
               74760          7.23076e-18
               74770          7.41497e-18
               74780          7.60668e-18
               74790          7.80631e-18
               74800           8.0143e-18
               74810          8.23115e-18
               74820          8.45736e-18
               74830          8.69349e-18
               74840          8.94014e-18
               74850          9.19794e-18
               74860          9.46759e-18
               74870          9.74985e-18
               74880          1.00455e-17
               74890          1.03554e-17
               74900          1.06806e-17
               74910           1.1022e-17
               74920          1.13808e-17
               74930          1.17582e-17
               74940          1.21554e-17
               74950          1.25741e-17
               74960          1.30156e-17
               74970          1.34818e-17
               74980          1.39745e-17
               74990          1.44959e-17
               75000          1.50482e-17
               75010          1.56339e-17
               75020          1.62559e-17
               75030          1.69172e-17
               75040          1.76212e-17
               75050          1.83719e-17
               75060          1.91733e-17
               75070          2.00304e-17
               75080          2.09484e-17
               75090          2.19334e-17
               75100          2.29921e-17
               75110          2.41322e-17
               75120          2.53624e-17
               75130          2.66926e-17
               75140          2.81342e-17
               75150          2.97002e-17
               75160          3.14057e-17
               75170           3.3268e-17
               75180          3.53075e-17
               75190          3.75478e-17
               75200          4.00171e-17
               75210          4.27484e-17
               75220          4.57814e-17
               75230          4.91637e-17
               75240          5.29533e-17
               75250           5.7221e-17
               75260          6.20547e-17
               75270           6.7565e-17
               75280          7.38932e-17
               75290          8.12238e-17
               75300          8.98049e-17
               75310          9.99824e-17
               75320          1.12261e-16
               75330          1.27418e-16
               75340          1.46708e-16
               75350          1.72235e-16
               75360          2.07591e-16
               75370          2.58886e-16
               75380          3.36268e-16
               75390          4.55906e-16
               75400          6.42143e-16
               75410          9.29063e-16
               75420          1.36021e-15
               75430          1.98486e-15
               75440          2.84943e-15
               75450          3.98386e-15
               75460          5.38469e-15
               75470          6.99954e-15
               75480          8.71896e-15
               75490          1.03819e-14
               75500          1.17977e-14
               75510          1.27808e-14
               75520          1.31919e-14
               75530            1.297e-14
               75540          1.21483e-14
               75550          1.08452e-14
               75560          9.23631e-15
               75570          7.51506e-15
               75580          5.85445e-15
               75590          4.38082e-15
               75600           3.1635e-15
               75610           2.2193e-15
               75620          1.52655e-15
               75630          1.04218e-15
               75640          7.16625e-16
               75650          5.04011e-16
               75660          3.67239e-16
               75670          2.79131e-16
               75680          2.21265e-16
               75690          1.81897e-16
               75700          1.53881e-16
               75710          1.32994e-16
               75720          1.16763e-16
               75730          1.03726e-16
               75740          9.29896e-17
               75750          8.39818e-17
               75760          7.63167e-17
               75770          6.97213e-17
               75780          6.39942e-17
               75790          5.89829e-17
               75800          5.45684e-17
               75810          5.06567e-17
               75820          4.71721e-17
               75830          4.40533e-17
               75840          4.12497e-17
               75850          3.87195e-17
               75860          3.64277e-17
               75870          3.43448e-17
               75880           3.2446e-17
               75890            3.071e-17
               75900          2.91184e-17
               75910          2.76557e-17
               75920          2.63082e-17
               75930          2.50641e-17
               75940          2.39131e-17
               75950          2.28461e-17
               75960          2.18552e-17
               75970          2.09333e-17
               75980          2.00742e-17
               75990          1.92724e-17
               76000          1.85229e-17
               76010          1.78214e-17
               76020          1.71638e-17
               76030          1.65468e-17
               76040           1.5967e-17
               76050          1.54216e-17
               76060           1.4908e-17
               76070          1.44239e-17
               76080          1.39671e-17
               76090          1.35356e-17
               76100          1.31277e-17
               76110          1.27418e-17
               76120          1.23765e-17
               76130          1.20302e-17
               76140          1.17019e-17
               76150          1.13903e-17
               76160          1.10944e-17
               76170          1.08133e-17
               76180          1.05461e-17
               76190          1.02919e-17
               76200            1.005e-17
               76210          9.81964e-18
               76220          9.60023e-18
               76230          9.39113e-18
               76240           9.1918e-18
               76250          9.00171e-18
               76260          8.82037e-18
               76270          8.64733e-18
               76280          8.48217e-18
               76290           8.3245e-18
               76300          8.17394e-18
               76310          8.03017e-18
               76320          7.89285e-18
               76330           7.7617e-18
               76340          7.63641e-18
               76350          7.51675e-18
               76360          7.40245e-18
               76370          7.29328e-18
               76380          7.18904e-18
               76390          7.08951e-18
               76400           6.9945e-18
               76410          6.90384e-18
               76420          6.81735e-18
               76430          6.73488e-18
               76440          6.65628e-18
               76450           6.5814e-18
               76460          6.51012e-18
               76470          6.44231e-18
               76480          6.37785e-18
               76490          6.31663e-18
               76500          6.25856e-18
               76510          6.20352e-18
               76520          6.15144e-18
               76530          6.10222e-18
               76540          6.05578e-18
               76550          6.01205e-18
               76560          5.97095e-18
               76570          5.93243e-18
               76580          5.89641e-18
               76590          5.86283e-18
               76600          5.83166e-18
               76610          5.80282e-18
               76620          5.77628e-18
               76630          5.75199e-18
               76640          5.72991e-18
               76650             5.71e-18
               76660          5.69223e-18
               76670          5.67656e-18
               76680          5.66297e-18
               76690          5.65143e-18
               76700          5.64192e-18
               76710          5.63441e-18
               76720          5.62889e-18
               76730          5.62534e-18
               76740          5.62375e-18
               76750          5.62411e-18
               76760           5.6264e-18
               76770          5.63062e-18
               76780          5.63677e-18
               76790          5.64484e-18
               76800          5.65483e-18
               76810          5.66675e-18
               76820           5.6806e-18
               76830          5.69639e-18
               76840          5.71412e-18
               76850          5.73381e-18
               76860          5.75547e-18
               76870          5.77912e-18
               76880          5.80476e-18
               76890          5.83243e-18
               76900          5.86215e-18
               76910          5.89394e-18
               76920          5.92783e-18
               76930          5.96384e-18
               76940          6.00202e-18
               76950          6.04239e-18
               76960            6.085e-18
               76970          6.12988e-18
               76980          6.17708e-18
               76990          6.22664e-18
               77000          6.27863e-18
               77010          6.33307e-18
               77020          6.39005e-18
               77030          6.44961e-18
               77040          6.51181e-18
               77050          6.57673e-18
               77060          6.64444e-18
               77070          6.71501e-18
               77080          6.78853e-18
               77090          6.86507e-18
               77100          6.94472e-18
               77110          7.02759e-18
               77120          7.11377e-18
               77130          7.20336e-18
               77140          7.29648e-18
               77150          7.39324e-18
               77160          7.49377e-18
               77170           7.5982e-18
               77180          7.70666e-18
               77190          7.81931e-18
               77200          7.93629e-18
               77210          8.05777e-18
               77220          8.18393e-18
               77230          8.31493e-18
               77240          8.45099e-18
               77250          8.59229e-18
               77260          8.73906e-18
               77270          8.89152e-18
               77280          9.04992e-18
               77290          9.21451e-18
               77300          9.38556e-18
               77310          9.56336e-18
               77320          9.74822e-18
               77330          9.94046e-18
               77340          1.01404e-17
               77350          1.03485e-17
               77360           1.0565e-17
               77370          1.07905e-17
               77380          1.10253e-17
               77390          1.12699e-17
               77400          1.15248e-17
               77410          1.17905e-17
               77420          1.20677e-17
               77430           1.2357e-17
               77440          1.26589e-17
               77450          1.29743e-17
               77460          1.33038e-17
               77470          1.36483e-17
               77480          1.40087e-17
               77490          1.43858e-17
               77500          1.47807e-17
               77510          1.51946e-17
               77520          1.56285e-17
               77530          1.60837e-17
               77540          1.65616e-17
               77550          1.70638e-17
               77560          1.75918e-17
               77570          1.81473e-17
               77580          1.87323e-17
               77590          1.93489e-17
               77600          1.99994e-17
               77610          2.06861e-17
               77620          2.14119e-17
               77630          2.21796e-17
               77640          2.29927e-17
               77650          2.38546e-17
               77660          2.47693e-17
               77670          2.57412e-17
               77680          2.67752e-17
               77690          2.78767e-17
               77700          2.90515e-17
               77710          3.03064e-17
               77720          3.16489e-17
               77730          3.30873e-17
               77740           3.4631e-17
               77750          3.62905e-17
               77760          3.80778e-17
               77770          4.00065e-17
               77780          4.20921e-17
               77790          4.43522e-17
               77800           4.6807e-17
               77810            4.948e-17
               77820           5.2398e-17
               77830          5.55926e-17
               77840          5.91006e-17
               77850           6.2965e-17
               77860          6.72372e-17
               77870          7.19781e-17
               77880          7.72609e-17
               77890          8.31744e-17
               77900          8.98271e-17
               77910           9.7353e-17
               77920           1.0592e-16
               77930          1.15743e-16
               77940          1.27098e-16
               77950          1.40356e-16
               77960          1.56028e-16
               77970          1.74845e-16
               77980          1.97913e-16
               77990          2.26976e-16
               78000          2.64895e-16
               78010          3.16459e-16
               78020          3.89691e-16
               78030          4.97777e-16
               78040          6.61617e-16
               78050          9.12641e-16
               78060          1.29502e-15
               78070          1.86572e-15
               78080          2.69031e-15
               78090           3.8327e-15
               78100          5.33812e-15
               78110          7.21122e-15
               78120          9.39466e-15
               78130          1.17558e-14
               78140          1.40899e-14
               78150          1.61444e-14
               78160          1.76626e-14
               78170          1.84368e-14
               78180          1.83557e-14
               78190          1.74309e-14
               78200          1.57947e-14
               78210          1.36681e-14
               78220          1.13107e-14
               78230          8.96916e-15
               78240          6.83583e-15
               78250          5.02901e-15
               78260          3.59313e-15
               78270          2.51423e-15
               78280          1.74204e-15
               78290          1.21124e-15
               78300          8.57298e-16
               78310          6.25463e-16
               78320          4.74037e-16
               78330          3.73753e-16
               78340          3.05365e-16
               78350          2.56825e-16
               78360          2.20839e-16
               78370          1.93059e-16
               78380          1.70883e-16
               78390          1.52714e-16
               78400          1.37531e-16
               78410          1.24652e-16
               78420          1.13599e-16
               78430           1.0402e-16
               78440          9.56531e-17
               78450          8.82928e-17
               78460          8.17783e-17
               78470          7.59811e-17
               78480          7.07965e-17
               78490          6.61392e-17
               78500          6.19383e-17
               78510          5.81349e-17
               78520          5.46793e-17
               78530          5.15297e-17
               78540          4.86504e-17
               78550          4.60107e-17
               78560          4.35845e-17
               78570           4.1349e-17
               78580          3.92845e-17
               78590          3.73737e-17
               78600          3.56016e-17
               78610          3.39549e-17
               78620          3.24219e-17
               78630          3.09923e-17
               78640          2.96569e-17
               78650          2.84074e-17
               78660          2.72367e-17
               78670          2.61382e-17
               78680           2.5106e-17
               78690          2.41348e-17
               78700          2.32198e-17
               78710          2.23569e-17
               78720           2.1542e-17
               78730          2.07717e-17
               78740          2.00427e-17
               78750           1.9352e-17
               78760          1.86972e-17
               78770          1.80756e-17
               78780           1.7485e-17
               78790          1.69235e-17
               78800          1.63891e-17
               78810            1.588e-17
               78820          1.53948e-17
               78830          1.49319e-17
               78840            1.449e-17
               78850          1.40678e-17
               78860          1.36641e-17
               78870          1.32779e-17
               78880          1.29081e-17
               78890          1.25539e-17
               78900          1.22144e-17
               78910          1.18887e-17
               78920          1.15762e-17
               78930          1.12761e-17
               78940          1.09877e-17
               78950          1.07105e-17
               78960          1.04439e-17
               78970          1.01874e-17
               78980          9.94033e-18
               78990          9.70238e-18
               79000          9.47306e-18
               79010          9.25196e-18
               79020          9.03868e-18
               79030          8.83286e-18
               79040          8.63415e-18
               79050          8.44223e-18
               79060          8.25678e-18
               79070          8.07753e-18
               79080          7.90418e-18
               79090          7.73649e-18
               79100          7.57421e-18
               79110           7.4171e-18
               79120          7.26496e-18
               79130          7.11756e-18
               79140          6.97471e-18
               79150          6.83623e-18
               79160          6.70194e-18
               79170          6.57167e-18
               79180          6.44525e-18
               79190          6.32254e-18
               79200           6.2034e-18
               79210          6.08768e-18
               79220          5.97525e-18
               79230          5.86599e-18
               79240          5.75979e-18
               79250          5.65651e-18
               79260          5.55607e-18
               79270          5.45835e-18
               79280          5.36326e-18
               79290           5.2707e-18
               79300          5.18058e-18
               79310          5.09282e-18
               79320          5.00733e-18
               79330          4.92404e-18
               79340          4.84287e-18
               79350          4.76375e-18
               79360           4.6866e-18
               79370          4.61137e-18
               79380          4.53799e-18
               79390           4.4664e-18
               79400          4.39654e-18
               79410          4.32836e-18
               79420          4.26179e-18
               79430           4.1968e-18
               79440          4.13333e-18
               79450          4.07133e-18
               79460          4.01075e-18
               79470          3.95156e-18
               79480          3.89371e-18
               79490          3.83717e-18
               79500          3.78188e-18
               79510          3.72781e-18
               79520          3.67494e-18
               79530          3.62321e-18
               79540          3.57261e-18
               79550          3.52309e-18
               79560          3.47463e-18
               79570          3.42719e-18
               79580          3.38075e-18
               79590          3.33528e-18
               79600          3.29075e-18
               79610          3.24713e-18
               79620           3.2044e-18
               79630          3.16254e-18
               79640          3.12152e-18
               79650          3.08132e-18
               79660          3.04192e-18
               79670          3.00329e-18
               79680          2.96542e-18
               79690          2.92829e-18
               79700          2.89187e-18
               79710          2.85615e-18
               79720          2.82111e-18
               79730          2.78673e-18
               79740            2.753e-18
               79750           2.7199e-18
               79760          2.68741e-18
               79770          2.65553e-18
               79780          2.62422e-18
               79790          2.59349e-18
               79800          2.56331e-18
               79810          2.53367e-18
               79820          2.50456e-18
               79830          2.47597e-18
               79840          2.44788e-18
               79850          2.42029e-18
               79860          2.39317e-18
               79870          2.36653e-18
               79880          2.34034e-18
               79890           2.3146e-18
               79900           2.2893e-18
               79910          2.26443e-18
               79920          2.23997e-18
               79930          2.21592e-18
               79940          2.19228e-18
               79950          2.16902e-18
               79960          2.14614e-18
               79970          2.12364e-18
               79980           2.1015e-18
               79990          2.07972e-18
               80000          2.05829e-18
               80010           2.0372e-18
               80020          2.01644e-18
               80030          1.99602e-18
               80040          1.97591e-18
               80050          1.95611e-18
               80060          1.93663e-18
               80070          1.91744e-18
               80080          1.89855e-18
               80090          1.87995e-18
               80100          1.86162e-18
               80110          1.84358e-18
               80120          1.82581e-18
               80130           1.8083e-18
               80140          1.79105e-18
               80150          1.77406e-18
               80160          1.75732e-18
               80170          1.74082e-18
               80180          1.72456e-18
               80190          1.70854e-18
               80200          1.69275e-18
               80210          1.67718e-18
               80220          1.66184e-18
               80230          1.64671e-18
               80240           1.6318e-18
               80250           1.6171e-18
               80260           1.6026e-18
               80270          1.58831e-18
               80280          1.57421e-18
               80290          1.56031e-18
               80300           1.5466e-18
               80310          1.53307e-18
               80320          1.51973e-18
               80330          1.50657e-18
               80340          1.49358e-18
               80350          1.48077e-18
               80360          1.46813e-18
               80370          1.45566e-18
               80380          1.44335e-18
               80390          1.43121e-18
               80400          1.41922e-18
               80410          1.40739e-18
               80420          1.39571e-18
               80430          1.38418e-18
               80440           1.3728e-18
               80450          1.36157e-18
               80460          1.35048e-18
               80470          1.33953e-18
               80480          1.32871e-18
               80490          1.31804e-18
               80500          1.30749e-18
               80510          1.29708e-18
               80520           1.2868e-18
               80530          1.27664e-18
               80540          1.26661e-18
               80550           1.2567e-18
               80560          1.24691e-18
               80570          1.23724e-18
               80580          1.22768e-18
               80590          1.21825e-18
               80600          1.20892e-18
               80610           1.1997e-18
               80620           1.1906e-18
               80630           1.1816e-18
               80640          1.17271e-18
               80650          1.16392e-18
               80660          1.15524e-18
               80670          1.14665e-18
               80680          1.13817e-18
               80690          1.12978e-18
               80700          1.12149e-18
               80710          1.11329e-18
               80720          1.10519e-18
               80730          1.09718e-18
               80740          1.08926e-18
               80750          1.08142e-18
               80760          1.07368e-18
               80770          1.06602e-18
               80780          1.05845e-18
               80790          1.05096e-18
               80800          1.04356e-18
               80810          1.03623e-18
               80820          1.02899e-18
               80830          1.02182e-18
               80840          1.01473e-18
               80850          1.00772e-18
               80860          1.00079e-18
               80870          9.93925e-19
               80880          9.87138e-19
               80890          9.80422e-19
               80900          9.73778e-19
               80910          9.67204e-19
               80920          9.60699e-19
               80930          9.54262e-19
               80940          9.47893e-19
               80950           9.4159e-19
               80960          9.35353e-19
               80970           9.2918e-19
               80980           9.2307e-19
               80990          9.17024e-19
               81000          9.11039e-19
               81010          9.05115e-19
               81020          8.99251e-19
               81030          8.93447e-19
               81040          8.87701e-19
               81050          8.82012e-19
               81060          8.76381e-19
               81070          8.70806e-19
               81080          8.65286e-19
               81090          8.59821e-19
               81100           8.5441e-19
               81110          8.49052e-19
               81120          8.43747e-19
               81130          8.38493e-19
               81140          8.33291e-19
               81150          8.28139e-19
               81160          8.23037e-19
               81170          8.17983e-19
               81180          8.12979e-19
               81190          8.08022e-19
               81200          8.03113e-19
               81210           7.9825e-19
               81220          7.93433e-19
               81230          7.88662e-19
               81240          7.83936e-19
               81250          7.79254e-19
               81260          7.74616e-19
               81270          7.70021e-19
               81280          7.65468e-19
               81290          7.60958e-19
               81300          7.56489e-19
               81310          7.52062e-19
               81320          7.47675e-19
               81330          7.43328e-19
               81340          7.39021e-19
               81350          7.34752e-19
               81360          7.30523e-19
               81370          7.26331e-19
               81380          7.22178e-19
               81390          7.18061e-19
               81400          7.13981e-19
               81410          7.09938e-19
               81420           7.0593e-19
               81430          7.01958e-19
               81440          6.98021e-19
               81450          6.94119e-19
               81460          6.90251e-19
               81470          6.86416e-19
               81480          6.82615e-19
               81490          6.78848e-19
               81500          6.75112e-19
               81510          6.71409e-19
               81520          6.67738e-19
               81530          6.64098e-19
               81540           6.6049e-19
               81550          6.56912e-19
               81560          6.53365e-19
               81570          6.49848e-19
               81580           6.4636e-19
               81590          6.42902e-19
               81600          6.39473e-19
               81610          6.36073e-19
               81620          6.32701e-19
               81630          6.29358e-19
               81640          6.26042e-19
               81650          6.22753e-19
               81660          6.19492e-19
               81670          6.16258e-19
               81680           6.1305e-19
               81690          6.09868e-19
               81700          6.06712e-19
               81710          6.03583e-19
               81720          6.00478e-19
               81730          5.97399e-19
               81740          5.94344e-19
               81750          5.91314e-19
               81760          5.88309e-19
               81770          5.85327e-19
               81780           5.8237e-19
               81790          5.79435e-19
               81800          5.76524e-19
               81810          5.73637e-19
               81820          5.70772e-19
               81830          5.67929e-19
               81840          5.65109e-19
               81850          5.62311e-19
               81860          5.59535e-19
               81870           5.5678e-19
               81880          5.54047e-19
               81890          5.51335e-19
               81900          5.48644e-19
               81910          5.45974e-19
               81920          5.43324e-19
               81930          5.40695e-19
               81940          5.38086e-19
               81950          5.35496e-19
               81960          5.32926e-19
               81970          5.30376e-19
               81980          5.27845e-19
               81990          5.25333e-19
               82000           5.2284e-19
               82010          5.20366e-19
               82020          5.17911e-19
               82030          5.15473e-19
               82040          5.13054e-19
               82050          5.10653e-19
               82060          5.08269e-19
               82070          5.05904e-19
               82080          5.03555e-19
               82090          5.01224e-19
               82100           4.9891e-19
               82110          4.96613e-19
               82120          4.94333e-19
               82130          4.92069e-19
               82140          4.89822e-19
               82150          4.87591e-19
               82160          4.85377e-19
               82170          4.83178e-19
               82180          4.80995e-19
               82190          4.78827e-19
               82200          4.76676e-19
               82210          4.74539e-19
               82220          4.72418e-19
               82230          4.70312e-19
               82240          4.68221e-19
               82250          4.66144e-19
               82260          4.64082e-19
               82270          4.62035e-19
               82280          4.60002e-19
               82290          4.57984e-19
               82300          4.55979e-19
               82310          4.53989e-19
               82320          4.52012e-19
               82330          4.50049e-19
               82340            4.481e-19
               82350          4.46164e-19
               82360          4.44241e-19
               82370          4.42332e-19
               82380          4.40436e-19
               82390          4.38552e-19
               82400          4.36682e-19
               82410          4.34824e-19
               82420          4.32979e-19
               82430          4.31147e-19
               82440          4.29327e-19
               82450          4.27519e-19
               82460          4.25723e-19
               82470           4.2394e-19
               82480          4.22168e-19
               82490          4.20408e-19
               82500           4.1866e-19
               82510          4.16924e-19
               82520          4.15199e-19
               82530          4.13486e-19
               82540          4.11784e-19
               82550          4.10093e-19
               82560          4.08414e-19
               82570          4.06745e-19
               82580          4.05087e-19
               82590          4.03441e-19
               82600          4.01805e-19
               82610          4.00179e-19
               82620          3.98565e-19
               82630           3.9696e-19
               82640          3.95367e-19
               82650          3.93783e-19
               82660           3.9221e-19
               82670          3.90646e-19
               82680          3.89093e-19
               82690           3.8755e-19
               82700          3.86017e-19
               82710          3.84493e-19
               82720          3.82979e-19
               82730          3.81475e-19
               82740          3.79981e-19
               82750          3.78495e-19
               82760           3.7702e-19
               82770          3.75553e-19
               82780          3.74096e-19
               82790          3.72648e-19
               82800          3.71209e-19
               82810          3.69779e-19
               82820          3.68358e-19
               82830          3.66946e-19
               82840          3.65542e-19
               82850          3.64148e-19
               82860          3.62762e-19
               82870          3.61384e-19
               82880          3.60015e-19
               82890          3.58655e-19
               82900          3.57302e-19
               82910          3.55959e-19
               82920          3.54623e-19
               82930          3.53296e-19
               82940          3.51976e-19
               82950          3.50665e-19
               82960          3.49362e-19
               82970          3.48066e-19
               82980          3.46779e-19
               82990          3.45499e-19
               83000          3.44227e-19
               83010          3.42962e-19
               83020          3.41706e-19
               83030          3.40456e-19
               83040          3.39215e-19
               83050           3.3798e-19
               83060          3.36753e-19
               83070          3.35534e-19
               83080          3.34321e-19
               83090          3.33116e-19
               83100          3.31918e-19
               83110          3.30727e-19
               83120          3.29543e-19
               83130          3.28366e-19
               83140          3.27196e-19
               83150          3.26033e-19
               83160          3.24877e-19
               83170          3.23727e-19
               83180          3.22584e-19
               83190          3.21448e-19
               83200          3.20319e-19
               83210          3.19196e-19
               83220          3.18079e-19
               83230          3.16969e-19
               83240          3.15866e-19
               83250          3.14769e-19
               83260          3.13678e-19
               83270          3.12593e-19
               83280          3.11515e-19
               83290          3.10443e-19
               83300          3.09377e-19
               83310          3.08317e-19
               83320          3.07263e-19
               83330          3.06215e-19
               83340          3.05173e-19
               83350          3.04137e-19
               83360          3.03107e-19
               83370          3.02083e-19
               83380          3.01065e-19
               83390          3.00052e-19
               83400          2.99045e-19
               83410          2.98044e-19
               83420          2.97048e-19
               83430          2.96058e-19
               83440          2.95074e-19
               83450          2.94095e-19
               83460          2.93121e-19
               83470          2.92153e-19
               83480           2.9119e-19
               83490          2.90233e-19
               83500          2.89281e-19
               83510          2.88334e-19
               83520          2.87393e-19
               83530          2.86457e-19
               83540          2.85525e-19
               83550          2.84599e-19
               83560          2.83679e-19
               83570          2.82763e-19
               83580          2.81852e-19
               83590          2.80946e-19
               83600          2.80046e-19
               83610           2.7915e-19
               83620          2.78259e-19
               83630          2.77373e-19
               83640          2.76491e-19
               83650          2.75615e-19
               83660          2.74743e-19
               83670          2.73876e-19
               83680          2.73014e-19
               83690          2.72156e-19
               83700          2.71303e-19
               83710          2.70455e-19
               83720          2.69611e-19
               83730          2.68772e-19
               83740          2.67937e-19
               83750          2.67107e-19
               83760          2.66281e-19
               83770           2.6546e-19
               83780          2.64643e-19
               83790           2.6383e-19
               83800          2.63022e-19
               83810          2.62218e-19
               83820          2.61418e-19
               83830          2.60623e-19
               83840          2.59832e-19
               83850          2.59045e-19
               83860          2.58262e-19
               83870          2.57483e-19
               83880          2.56709e-19
               83890          2.55938e-19
               83900          2.55172e-19
               83910           2.5441e-19
               83920          2.53651e-19
               83930          2.52897e-19
               83940          2.52147e-19
               83950            2.514e-19
               83960          2.50658e-19
               83970          2.49919e-19
               83980          2.49184e-19
               83990          2.48453e-19
               84000          2.47726e-19
               84010          2.47003e-19
               84020          2.46284e-19
               84030          2.45568e-19
               84040          2.44856e-19
               84050          2.44147e-19
               84060          2.43443e-19
               84070          2.42742e-19
               84080          2.42045e-19
               84090          2.41351e-19
               84100          2.40661e-19
               84110          2.39974e-19
               84120          2.39291e-19
               84130          2.38612e-19
               84140          2.37936e-19
               84150          2.37263e-19
               84160          2.36594e-19
               84170          2.35929e-19
               84180          2.35266e-19
               84190          2.34608e-19
               84200          2.33952e-19
               84210            2.333e-19
               84220          2.32652e-19
               84230          2.32006e-19
               84240          2.31364e-19
               84250          2.30726e-19
               84260           2.3009e-19
               84270          2.29458e-19
               84280          2.28829e-19
               84290          2.28203e-19
               84300          2.27581e-19
               84310          2.26961e-19
               84320          2.26345e-19
               84330          2.25732e-19
               84340          2.25122e-19
               84350          2.24515e-19
               84360          2.23911e-19
               84370          2.23311e-19
               84380          2.22713e-19
               84390          2.22118e-19
               84400          2.21527e-19
               84410          2.20938e-19
               84420          2.20352e-19
               84430           2.1977e-19
               84440           2.1919e-19
               84450          2.18613e-19
               84460          2.18039e-19
               84470          2.17469e-19
               84480          2.16901e-19
               84490          2.16335e-19
               84500          2.15773e-19
               84510          2.15214e-19
               84520          2.14657e-19
               84530          2.14103e-19
               84540          2.13552e-19
               84550          2.13004e-19
               84560          2.12458e-19
               84570          2.11916e-19
               84580          2.11376e-19
               84590          2.10838e-19
               84600          2.10304e-19
               84610          2.09772e-19
               84620          2.09243e-19
               84630          2.08716e-19
               84640          2.08193e-19
               84650          2.07671e-19
               84660          2.07153e-19
               84670          2.06637e-19
               84680          2.06124e-19
               84690          2.05613e-19
               84700          2.05105e-19
               84710          2.04599e-19
               84720          2.04096e-19
               84730          2.03595e-19
               84740          2.03098e-19
               84750          2.02602e-19
               84760          2.02109e-19
               84770          2.01619e-19
               84780          2.01131e-19
               84790          2.00645e-19
               84800          2.00162e-19
               84810          1.99681e-19
               84820          1.99203e-19
               84830          1.98727e-19
               84840          1.98254e-19
               84850          1.97783e-19
               84860          1.97314e-19
               84870          1.96848e-19
               84880          1.96384e-19
               84890          1.95923e-19
               84900          1.95464e-19
               84910          1.95007e-19
               84920          1.94552e-19
               84930            1.941e-19
               84940           1.9365e-19
               84950          1.93203e-19
               84960          1.92757e-19
               84970          1.92314e-19
               84980          1.91874e-19
               84990          1.91435e-19
               85000          1.90999e-19
               85010          1.90565e-19
               85020          1.90133e-19
               85030          1.89703e-19
               85040          1.89276e-19
               85050          1.88851e-19
               85060          1.88428e-19
               85070          1.88007e-19
               85080          1.87588e-19
               85090          1.87172e-19
               85100          1.86757e-19
               85110          1.86345e-19
               85120          1.85935e-19
               85130          1.85527e-19
               85140          1.85121e-19
               85150          1.84717e-19
               85160          1.84315e-19
               85170          1.83916e-19
               85180          1.83518e-19
               85190          1.83123e-19
               85200          1.82729e-19
               85210          1.82338e-19
               85220          1.81949e-19
               85230          1.81562e-19
               85240          1.81176e-19
               85250          1.80793e-19
               85260          1.80412e-19
               85270          1.80033e-19
               85280          1.79656e-19
               85290          1.79281e-19
               85300          1.78907e-19
               85310          1.78536e-19
               85320          1.78167e-19
               85330            1.778e-19
               85340          1.77435e-19
               85350          1.77071e-19
               85360           1.7671e-19
               85370          1.76351e-19
               85380          1.75993e-19
               85390          1.75637e-19
               85400          1.75284e-19
               85410          1.74932e-19
               85420          1.74582e-19
               85430          1.74234e-19
               85440          1.73888e-19
               85450          1.73544e-19
               85460          1.73202e-19
               85470          1.72862e-19
               85480          1.72523e-19
               85490          1.72187e-19
               85500          1.71852e-19
               85510          1.71519e-19
               85520          1.71188e-19
               85530          1.70859e-19
               85540          1.70532e-19
               85550          1.70206e-19
               85560          1.69882e-19
               85570          1.69561e-19
               85580          1.69241e-19
               85590          1.68922e-19
               85600          1.68606e-19
               85610          1.68291e-19
               85620          1.67979e-19
               85630          1.67668e-19
               85640          1.67358e-19
               85650          1.67051e-19
               85660          1.66745e-19
               85670          1.66442e-19
               85680           1.6614e-19
               85690          1.65839e-19
               85700          1.65541e-19
               85710          1.65244e-19
               85720          1.64949e-19
               85730          1.64656e-19
               85740          1.64364e-19
               85750          1.64075e-19
               85760          1.63787e-19
               85770          1.63501e-19
               85780          1.63216e-19
               85790          1.62933e-19
               85800          1.62652e-19
               85810          1.62373e-19
               85820          1.62095e-19
               85830           1.6182e-19
               85840          1.61546e-19
               85850          1.61273e-19
               85860          1.61002e-19
               85870          1.60733e-19
               85880          1.60466e-19
               85890          1.60201e-19
               85900          1.59937e-19
               85910          1.59675e-19
               85920          1.59414e-19
               85930          1.59156e-19
               85940          1.58899e-19
               85950          1.58643e-19
               85960           1.5839e-19
               85970          1.58138e-19
               85980          1.57887e-19
               85990          1.57639e-19
               86000          1.57392e-19
               86010          1.57147e-19
               86020          1.56903e-19
               86030          1.56661e-19
               86040          1.56421e-19
               86050          1.56182e-19
               86060          1.55946e-19
               86070           1.5571e-19
               86080          1.55477e-19
               86090          1.55245e-19
               86100          1.55015e-19
               86110          1.54787e-19
               86120           1.5456e-19
               86130          1.54335e-19
               86140          1.54111e-19
               86150          1.53889e-19
               86160          1.53669e-19
               86170          1.53451e-19
               86180          1.53234e-19
               86190          1.53019e-19
               86200          1.52806e-19
               86210          1.52594e-19
               86220          1.52384e-19
               86230          1.52175e-19
               86240          1.51969e-19
               86250          1.51764e-19
               86260           1.5156e-19
               86270          1.51358e-19
               86280          1.51158e-19
               86290           1.5096e-19
               86300          1.50763e-19
               86310          1.50568e-19
               86320          1.50375e-19
               86330          1.50183e-19
               86340          1.49993e-19
               86350          1.49805e-19
               86360          1.49618e-19
               86370          1.49433e-19
               86380           1.4925e-19
               86390          1.49068e-19
               86400          1.48888e-19
               86410           1.4871e-19
               86420          1.48534e-19
               86430          1.48359e-19
               86440          1.48186e-19
               86450          1.48014e-19
               86460          1.47845e-19
               86470          1.47677e-19
               86480           1.4751e-19
               86490          1.47346e-19
               86500          1.47183e-19
               86510          1.47022e-19
               86520          1.46862e-19
               86530          1.46704e-19
               86540          1.46548e-19
               86550          1.46394e-19
               86560          1.46242e-19
               86570          1.46091e-19
               86580          1.45942e-19
               86590          1.45795e-19
               86600          1.45649e-19
               86610          1.45505e-19
               86620          1.45363e-19
               86630          1.45223e-19
               86640          1.45084e-19
               86650          1.44948e-19
               86660          1.44813e-19
               86670           1.4468e-19
               86680          1.44548e-19
               86690          1.44419e-19
               86700          1.44291e-19
               86710          1.44165e-19
               86720          1.44041e-19
               86730          1.43918e-19
               86740          1.43798e-19
               86750          1.43679e-19
               86760          1.43562e-19
               86770          1.43447e-19
               86780          1.43334e-19
               86790          1.43223e-19
               86800          1.43114e-19
               86810          1.43006e-19
               86820            1.429e-19
               86830          1.42796e-19
               86840          1.42695e-19
               86850          1.42595e-19
               86860          1.42497e-19
               86870            1.424e-19
               86880          1.42306e-19
               86890          1.42214e-19
               86900          1.42123e-19
               86910          1.42035e-19
               86920          1.41949e-19
               86930          1.41864e-19
               86940          1.41782e-19
               86950          1.41701e-19
               86960          1.41623e-19
               86970          1.41546e-19
               86980          1.41472e-19
               86990          1.41399e-19
               87000          1.41329e-19
               87010          1.41261e-19
               87020          1.41194e-19
               87030           1.4113e-19
               87040          1.41068e-19
               87050          1.41008e-19
               87060           1.4095e-19
               87070          1.40894e-19
               87080          1.40841e-19
               87090          1.40789e-19
               87100           1.4074e-19
               87110          1.40693e-19
               87120          1.40648e-19
               87130          1.40605e-19
               87140          1.40564e-19
               87150          1.40526e-19
               87160           1.4049e-19
               87170          1.40456e-19
               87180          1.40425e-19
               87190          1.40395e-19
               87200          1.40368e-19
               87210          1.40344e-19
               87220          1.40322e-19
               87230          1.40302e-19
               87240          1.40284e-19
               87250          1.40269e-19
               87260          1.40256e-19
               87270          1.40246e-19
               87280          1.40238e-19
               87290          1.40232e-19
               87300           1.4023e-19
               87310          1.40229e-19
               87320          1.40231e-19
               87330          1.40236e-19
               87340          1.40243e-19
               87350          1.40253e-19
               87360          1.40265e-19
               87370           1.4028e-19
               87380          1.40298e-19
               87390          1.40318e-19
               87400          1.40341e-19
               87410          1.40367e-19
               87420          1.40395e-19
               87430          1.40426e-19
               87440           1.4046e-19
               87450          1.40497e-19
               87460          1.40536e-19
               87470          1.40579e-19
               87480          1.40624e-19
               87490          1.40673e-19
               87500          1.40724e-19
               87510          1.40778e-19
               87520          1.40835e-19
               87530          1.40895e-19
               87540          1.40958e-19
               87550          1.41025e-19
               87560          1.41094e-19
               87570          1.41167e-19
               87580          1.41242e-19
               87590          1.41321e-19
               87600          1.41403e-19
               87610          1.41489e-19
               87620          1.41578e-19
               87630           1.4167e-19
               87640          1.41765e-19
               87650          1.41864e-19
               87660          1.41966e-19
               87670          1.42072e-19
               87680          1.42181e-19
               87690          1.42294e-19
               87700          1.42411e-19
               87710          1.42531e-19
               87720          1.42655e-19
               87730          1.42782e-19
               87740          1.42913e-19
               87750          1.43048e-19
               87760          1.43187e-19
               87770           1.4333e-19
               87780          1.43477e-19
               87790          1.43628e-19
               87800          1.43782e-19
               87810          1.43941e-19
               87820          1.44104e-19
               87830          1.44271e-19
               87840          1.44443e-19
               87850          1.44618e-19
               87860          1.44798e-19
               87870          1.44983e-19
               87880          1.45171e-19
               87890          1.45365e-19
               87900          1.45563e-19
               87910          1.45765e-19
               87920          1.45972e-19
               87930          1.46184e-19
               87940          1.46401e-19
               87950          1.46622e-19
               87960          1.46849e-19
               87970           1.4708e-19
               87980          1.47317e-19
               87990          1.47558e-19
               88000          1.47805e-19
               88010          1.48057e-19
               88020          1.48315e-19
               88030          1.48578e-19
               88040          1.48846e-19
               88050           1.4912e-19
               88060            1.494e-19
               88070          1.49685e-19
               88080          1.49976e-19
               88090          1.50273e-19
               88100          1.50576e-19
               88110          1.50885e-19
               88120          1.51201e-19
               88130          1.51522e-19
               88140           1.5185e-19
               88150          1.52184e-19
               88160          1.52525e-19
               88170          1.52873e-19
               88180          1.53227e-19
               88190          1.53588e-19
               88200          1.53956e-19
               88210          1.54331e-19
               88220          1.54714e-19
               88230          1.55103e-19
               88240            1.555e-19
               88250          1.55905e-19
               88260          1.56317e-19
               88270          1.56737e-19
               88280          1.57165e-19
               88290          1.57601e-19
               88300          1.58045e-19
               88310          1.58497e-19
               88320          1.58958e-19
               88330          1.59428e-19
               88340          1.59906e-19
               88350          1.60393e-19
               88360          1.60889e-19
               88370          1.61394e-19
               88380          1.61909e-19
               88390          1.62433e-19
               88400          1.62967e-19
               88410          1.63511e-19
               88420          1.64065e-19
               88430          1.64629e-19
               88440          1.65204e-19
               88450          1.65789e-19
               88460          1.66385e-19
               88470          1.66992e-19
               88480           1.6761e-19
               88490          1.68239e-19
               88500          1.68881e-19
               88510          1.69534e-19
               88520          1.70199e-19
               88530          1.70877e-19
               88540          1.71567e-19
               88550           1.7227e-19
               88560          1.72986e-19
               88570          1.73716e-19
               88580          1.74459e-19
               88590          1.75216e-19
               88600          1.75987e-19
               88610          1.76772e-19
               88620          1.77573e-19
               88630          1.78388e-19
               88640          1.79219e-19
               88650          1.80065e-19
               88660          1.80928e-19
               88670          1.81807e-19
               88680          1.82703e-19
               88690          1.83615e-19
               88700          1.84546e-19
               88710          1.85494e-19
               88720           1.8646e-19
               88730          1.87445e-19
               88740          1.88449e-19
               88750          1.89473e-19
               88760          1.90517e-19
               88770          1.91581e-19
               88780          1.92666e-19
               88790          1.93772e-19
               88800            1.949e-19
               88810          1.96051e-19
               88820          1.97225e-19
               88830          1.98422e-19
               88840          1.99643e-19
               88850          2.00889e-19
               88860           2.0216e-19
               88870          2.03457e-19
               88880          2.04781e-19
               88890          2.06132e-19
               88900           2.0751e-19
               88910          2.08918e-19
               88920          2.10354e-19
               88930          2.11821e-19
               88940          2.13319e-19
               88950          2.14848e-19
               88960           2.1641e-19
               88970          2.18006e-19
               88980          2.19636e-19
               88990          2.21301e-19
               89000          2.23002e-19
               89010          2.24741e-19
               89020          2.26518e-19
               89030          2.28334e-19
               89040          2.30192e-19
               89050           2.3209e-19
               89060          2.34032e-19
               89070          2.36018e-19
               89080          2.38049e-19
               89090          2.40128e-19
               89100          2.42254e-19
               89110          2.44431e-19
               89120          2.46658e-19
               89130          2.48939e-19
               89140          2.51274e-19
               89150          2.53665e-19
               89160          2.56114e-19
               89170          2.58623e-19
               89180          2.61195e-19
               89190           2.6383e-19
               89200          2.66531e-19
               89210            2.693e-19
               89220           2.7214e-19
               89230          2.75052e-19
               89240          2.78041e-19
               89250          2.81107e-19
               89260          2.84254e-19
               89270          2.87485e-19
               89280          2.90803e-19
               89290          2.94211e-19
               89300          2.97712e-19
               89310           3.0131e-19
               89320          3.05009e-19
               89330          3.08811e-19
               89340          3.12722e-19
               89350          3.16745e-19
               89360          3.20886e-19
               89370          3.25148e-19
               89380          3.29536e-19
               89390          3.34057e-19
               89400          3.38714e-19
               89410          3.43515e-19
               89420          3.48464e-19
               89430          3.53569e-19
               89440          3.58836e-19
               89450          3.64273e-19
               89460          3.69886e-19
               89470          3.75685e-19
               89480          3.81677e-19
               89490          3.87872e-19
               89500          3.94279e-19
               89510          4.00908e-19
               89520           4.0777e-19
               89530          4.14877e-19
               89540          4.22241e-19
               89550          4.29874e-19
               89560          4.37792e-19
               89570          4.46008e-19
               89580          4.54538e-19
               89590            4.634e-19
               89600          4.72612e-19
               89610          4.82193e-19
               89620          4.92165e-19
               89630          5.02548e-19
               89640          5.13369e-19
               89650          5.24652e-19
               89660          5.36427e-19
               89670          5.48722e-19
               89680          5.61571e-19
               89690           5.7501e-19
               89700          5.89077e-19
               89710          6.03813e-19
               89720          6.19264e-19
               89730          6.35479e-19
               89740          6.52512e-19
               89750          6.70422e-19
               89760          6.89273e-19
               89770          7.09136e-19
               89780          7.30088e-19
               89790          7.52215e-19
               89800           7.7561e-19
               89810          8.00378e-19
               89820          8.26634e-19
               89830          8.54505e-19
               89840          8.84133e-19
               89850          9.15678e-19
               89860          9.49316e-19
               89870          9.85247e-19
               89880           1.0237e-18
               89890          1.06491e-18
               89900          1.10919e-18
               89910          1.15684e-18
               89920          1.20825e-18
               89930          1.26384e-18
               89940           1.3241e-18
               89950          1.38959e-18
               89960          1.46097e-18
               89970            1.539e-18
               89980           1.6246e-18
               89990          1.71881e-18
               90000           1.8229e-18
               90010          1.93839e-18
               90020          2.06711e-18
               90030          2.21128e-18
               90040          2.37367e-18
               90050          2.55771e-18
               90060          2.76778e-18
               90070          3.00959e-18
               90080          3.29085e-18
               90090          3.62261e-18
               90100          4.02183e-18
               90110          4.51704e-18
               90120          5.16006e-18
               90130          6.05008e-18
               90140          7.38037e-18
               90150          9.52283e-18
               90160          1.31686e-17
               90170          1.95384e-17
               90180          3.06558e-17
               90190           4.9635e-17
               90200          8.08662e-17
               90210          1.29916e-16
               90220          2.02924e-16
               90230          3.05337e-16
               90240          4.40024e-16
               90250          6.05114e-16
               90260          7.92241e-16
               90270          9.86048e-16
               90280           1.1656e-15
               90290          1.30783e-15
               90300          1.39235e-15
               90310          1.40625e-15
               90320          1.34736e-15
               90330           1.2248e-15
               90340          1.05665e-15
               90350          8.65569e-16
               90360          6.73794e-16
               90370          4.99065e-16
               90380          3.52415e-16
               90390          2.38002e-16
               90400          1.54495e-16
               90410           9.7168e-17
               90420          5.99578e-17
               90430          3.69774e-17
               90440          2.33596e-17
               90450          1.55209e-17
               90460          1.10587e-17
               90470           8.4845e-18
               90480          6.93649e-18
               90490          5.94269e-18
               90500          5.25521e-18
               90510          4.74667e-18
               90520          4.35129e-18
               90530          4.03377e-18
               90540           3.7738e-18
               90550          3.55867e-18
               90560          3.37977e-18
               90570           3.2309e-18
               90580          3.10742e-18
               90590          3.00577e-18
               90600          2.92319e-18
               90610           2.8575e-18
               90620            2.807e-18
               90630          2.77037e-18
               90640          2.74659e-18
               90650          2.73489e-18
               90660          2.73474e-18
               90670          2.74578e-18
               90680          2.76786e-18
               90690          2.80096e-18
               90700          2.84525e-18
               90710          2.90107e-18
               90720          2.96889e-18
               90730          3.04939e-18
               90740          3.14346e-18
               90750          3.25219e-18
               90760          3.37693e-18
               90770          3.51935e-18
               90780          3.68145e-18
               90790          3.86571e-18
               90800           4.0751e-18
               90810          4.31329e-18
               90820          4.58476e-18
               90830           4.8951e-18
               90840          5.25132e-18
               90850          5.66236e-18
               90860          6.13988e-18
               90870          6.69969e-18
               90880          7.36438e-18
               90890          8.16874e-18
               90900          9.17142e-18
               90910          1.04795e-17
               90920          1.22993e-17
               90930          1.50357e-17
               90940          1.94737e-17
               90950          2.70832e-17
               90960          4.04797e-17
               90970          6.40324e-17
               90980          1.04518e-16
               90990          1.71573e-16
               91000          2.77542e-16
               91010          4.36224e-16
               91020          6.60147e-16
               91030          9.56407e-16
               91040           1.3218e-15
               91050          1.73873e-15
               91060          2.17382e-15
               91070          2.58072e-15
               91080          2.90759e-15
               91090          3.10776e-15
               91100          3.15072e-15
               91110          3.02973e-15
               91120          2.76361e-15
               91130          2.39192e-15
               91140          1.96529e-15
               91150          1.53416e-15
               91160          1.13945e-15
               91170          8.07285e-16
               91180          5.48439e-16
               91190          3.61381e-16
               91200          2.37069e-16
               91210          1.63665e-16
               91220          1.29976e-16
               91230           1.2715e-16
               91240          1.48788e-16
               91250          1.89994e-16
               91260          2.45986e-16
               91270          3.10898e-16
               91280          3.77262e-16
               91290          4.36407e-16
               91300           4.7972e-16
               91310          5.00366e-16
               91320          4.94859e-16
               91330          4.63916e-16
               91340          4.12235e-16
               91350           3.4728e-16
               91360          2.77484e-16
               91370          2.10458e-16
               91380          1.51726e-16
               91390          1.04216e-16
               91400          6.84713e-17
               91410          4.33263e-17
               91420          2.67118e-17
               91430          1.63523e-17
               91440          1.02204e-17
               91450          6.74416e-18
               91460           4.8288e-18
               91470          3.77815e-18
               91480          3.18334e-18
               91490          2.82064e-18
               91500          2.57493e-18
               91510          2.38987e-18
               91520          2.23875e-18
               91530          2.10892e-18
               91540          1.99413e-18
               91550          1.89101e-18
               91560          1.79746e-18
               91570          1.71202e-18
               91580          1.63362e-18
               91590          1.56136e-18
               91600          1.49454e-18
               91610          1.43255e-18
               91620          1.37488e-18
               91630          1.32111e-18
               91640          1.27084e-18
               91650          1.22376e-18
               91660          1.17958e-18
               91670          1.13804e-18
               91680          1.09892e-18
               91690          1.06203e-18
               91700          1.02719e-18
               91710           9.9423e-19
               91720          9.63022e-19
               91730          9.33431e-19
               91740          9.05343e-19
               91750          8.78651e-19
               91760          8.53259e-19
               91770          8.29082e-19
               91780          8.06038e-19
               91790          7.84055e-19
               91800          7.63066e-19
               91810          7.43009e-19
               91820          7.23828e-19
               91830           7.0547e-19
               91840          6.87887e-19
               91850          6.71034e-19
               91860          6.54871e-19
               91870          6.39358e-19
               91880           6.2446e-19
               91890          6.10143e-19
               91900          5.96378e-19
               91910          5.83134e-19
               91920          5.70386e-19
               91930          5.58108e-19
               91940          5.46276e-19
               91950          5.34868e-19
               91960          5.23864e-19
               91970          5.13245e-19
               91980          5.02992e-19
               91990          4.93087e-19
               92000          4.83516e-19
               92010          4.74262e-19
               92020          4.65312e-19
               92030          4.56651e-19
               92040          4.48268e-19
               92050          4.40151e-19
               92060          4.32287e-19
               92070          4.24666e-19
               92080          4.17278e-19
               92090          4.10114e-19
               92100          4.03163e-19
               92110          3.96419e-19
               92120          3.89871e-19
               92130          3.83514e-19
               92140          3.77338e-19
               92150          3.71337e-19
               92160          3.65505e-19
               92170          3.59835e-19
               92180           3.5432e-19
               92190          3.48956e-19
               92200          3.43736e-19
               92210          3.38656e-19
               92220           3.3371e-19
               92230          3.28894e-19
               92240          3.24203e-19
               92250          3.19632e-19
               92260          3.15178e-19
               92270          3.10836e-19
               92280          3.06603e-19
               92290          3.02474e-19
               92300          2.98448e-19
               92310          2.94519e-19
               92320          2.90685e-19
               92330          2.86943e-19
               92340          2.83291e-19
               92350          2.79724e-19
               92360           2.7624e-19
               92370          2.72837e-19
               92380          2.69513e-19
               92390          2.66264e-19
               92400          2.63088e-19
               92410          2.59984e-19
               92420          2.56949e-19
               92430          2.53982e-19
               92440          2.51079e-19
               92450          2.48239e-19
               92460          2.45461e-19
               92470          2.42743e-19
               92480          2.40082e-19
               92490          2.37478e-19
               92500          2.34928e-19
               92510          2.32431e-19
               92520          2.29987e-19
               92530          2.27592e-19
               92540          2.25246e-19
               92550          2.22948e-19
               92560          2.20697e-19
               92570           2.1849e-19
               92580          2.16327e-19
               92590          2.14207e-19
               92600          2.12129e-19
               92610          2.10091e-19
               92620          2.08093e-19
               92630          2.06133e-19
               92640          2.04211e-19
               92650          2.02325e-19
               92660          2.00476e-19
               92670          1.98661e-19
               92680           1.9688e-19
               92690          1.95132e-19
               92700          1.93416e-19
               92710          1.91733e-19
               92720           1.9008e-19
               92730          1.88457e-19
               92740          1.86863e-19
               92750          1.85299e-19
               92760          1.83762e-19
               92770          1.82253e-19
               92780          1.80771e-19
               92790          1.79314e-19
               92800          1.77884e-19
               92810          1.76479e-19
               92820          1.75098e-19
               92830          1.73741e-19
               92840          1.72407e-19
               92850          1.71097e-19
               92860          1.69809e-19
               92870          1.68543e-19
               92880          1.67299e-19
               92890          1.66075e-19
               92900          1.64873e-19
               92910           1.6369e-19
               92920          1.62527e-19
               92930          1.61384e-19
               92940           1.6026e-19
               92950          1.59155e-19
               92960          1.58068e-19
               92970          1.56998e-19
               92980          1.55947e-19
               92990          1.54913e-19
               93000          1.53895e-19
               93010          1.52894e-19
               93020           1.5191e-19
               93030          1.50942e-19
               93040          1.49989e-19
               93050          1.49052e-19
               93060           1.4813e-19
               93070          1.47222e-19
               93080           1.4633e-19
               93090          1.45451e-19
               93100          1.44587e-19
               93110          1.43737e-19
               93120          1.42901e-19
               93130          1.42077e-19
               93140          1.41268e-19
               93150          1.40471e-19
               93160          1.39686e-19
               93170          1.38915e-19
               93180          1.38156e-19
               93190          1.37409e-19
               93200          1.36673e-19
               93210           1.3595e-19
               93220          1.35239e-19
               93230          1.34538e-19
               93240          1.33849e-19
               93250          1.33172e-19
               93260          1.32505e-19
               93270          1.31849e-19
               93280          1.31204e-19
               93290          1.30569e-19
               93300          1.29944e-19
               93310           1.2933e-19
               93320          1.28726e-19
               93330          1.28132e-19
               93340          1.27548e-19
               93350          1.26973e-19
               93360          1.26408e-19
               93370          1.25853e-19
               93380          1.25307e-19
               93390           1.2477e-19
               93400          1.24243e-19
               93410          1.23724e-19
               93420          1.23215e-19
               93430          1.22714e-19
               93440          1.22222e-19
               93450          1.21739e-19
               93460          1.21265e-19
               93470          1.20799e-19
               93480          1.20341e-19
               93490          1.19892e-19
               93500          1.19451e-19
               93510          1.19019e-19
               93520          1.18595e-19
               93530          1.18178e-19
               93540           1.1777e-19
               93550           1.1737e-19
               93560          1.16978e-19
               93570          1.16594e-19
               93580          1.16217e-19
               93590          1.15849e-19
               93600          1.15488e-19
               93610          1.15135e-19
               93620          1.14789e-19
               93630          1.14451e-19
               93640          1.14121e-19
               93650          1.13799e-19
               93660          1.13484e-19
               93670          1.13176e-19
               93680          1.12876e-19
               93690          1.12584e-19
               93700          1.12299e-19
               93710          1.12021e-19
               93720          1.11751e-19
               93730          1.11489e-19
               93740          1.11234e-19
               93750          1.10986e-19
               93760          1.10746e-19
               93770          1.10513e-19
               93780          1.10288e-19
               93790          1.10071e-19
               93800           1.0986e-19
               93810          1.09658e-19
               93820          1.09463e-19
               93830          1.09275e-19
               93840          1.09095e-19
               93850          1.08923e-19
               93860          1.08758e-19
               93870          1.08601e-19
               93880          1.08452e-19
               93890           1.0831e-19
               93900          1.08177e-19
               93910          1.08051e-19
               93920          1.07933e-19
               93930          1.07823e-19
               93940          1.07722e-19
               93950          1.07628e-19
               93960          1.07543e-19
               93970          1.07466e-19
               93980          1.07397e-19
               93990          1.07337e-19
               94000          1.07285e-19
               94010          1.07242e-19
               94020          1.07208e-19
               94030          1.07183e-19
               94040          1.07166e-19
               94050          1.07159e-19
               94060          1.07161e-19
               94070          1.07172e-19
               94080          1.07193e-19
               94090          1.07224e-19
               94100          1.07264e-19
               94110          1.07314e-19
               94120          1.07374e-19
               94130          1.07444e-19
               94140          1.07525e-19
               94150          1.07617e-19
               94160          1.07719e-19
               94170          1.07833e-19
               94180          1.07957e-19
               94190          1.08094e-19
               94200          1.08241e-19
               94210          1.08401e-19
               94220          1.08573e-19
               94230          1.08758e-19
               94240          1.08955e-19
               94250          1.09165e-19
               94260          1.09388e-19
               94270          1.09625e-19
               94280          1.09876e-19
               94290          1.10142e-19
               94300          1.10422e-19
               94310          1.10717e-19
               94320          1.11027e-19
               94330          1.11353e-19
               94340          1.11696e-19
               94350          1.12055e-19
               94360          1.12431e-19
               94370          1.12825e-19
               94380          1.13236e-19
               94390          1.13667e-19
               94400          1.14116e-19
               94410          1.14586e-19
               94420          1.15075e-19
               94430          1.15586e-19
               94440          1.16118e-19
               94450          1.16672e-19
               94460           1.1725e-19
               94470          1.17851e-19
               94480          1.18477e-19
               94490          1.19128e-19
               94500          1.19805e-19
               94510          1.20509e-19
               94520          1.21242e-19
               94530          1.22003e-19
               94540          1.22794e-19
               94550          1.23617e-19
               94560          1.24472e-19
               94570           1.2536e-19
               94580          1.26284e-19
               94590          1.27243e-19
               94600           1.2824e-19
               94610          1.29276e-19
               94620          1.30353e-19
               94630          1.31471e-19
               94640          1.32634e-19
               94650          1.33843e-19
               94660          1.35099e-19
               94670          1.36405e-19
               94680          1.37762e-19
               94690          1.39174e-19
               94700          1.40643e-19
               94710          1.42171e-19
               94720           1.4376e-19
               94730          1.45414e-19
               94740          1.47136e-19
               94750          1.48929e-19
               94760          1.50796e-19
               94770          1.52741e-19
               94780          1.54768e-19
               94790          1.56881e-19
               94800          1.59085e-19
               94810          1.61383e-19
               94820          1.63782e-19
               94830          1.66286e-19
               94840          1.68901e-19
               94850          1.71633e-19
               94860          1.74489e-19
               94870          1.77476e-19
               94880          1.80601e-19
               94890          1.83872e-19
               94900          1.87299e-19
               94910          1.90889e-19
               94920          1.94655e-19
               94930          1.98605e-19
               94940          2.02753e-19
               94950           2.0711e-19
               94960          2.11691e-19
               94970          2.16511e-19
               94980          2.21585e-19
               94990          2.26931e-19
               95000          2.32569e-19
               95010          2.38519e-19
               95020          2.44804e-19
               95030           2.5145e-19
               95040          2.58483e-19
               95050          2.65934e-19
               95060          2.73836e-19
               95070          2.82225e-19
               95080          2.91142e-19
               95090          3.00631e-19
               95100          3.10742e-19
               95110          3.21529e-19
               95120          3.33055e-19
               95130          3.45387e-19
               95140          3.58602e-19
               95150          3.72787e-19
               95160          3.88038e-19
               95170          4.04466e-19
               95180          4.22195e-19
               95190          4.41366e-19
               95200          4.62141e-19
               95210          4.84707e-19
               95220          5.09276e-19
               95230          5.36097e-19
               95240          5.65456e-19
               95250           5.9769e-19
               95260          6.33194e-19
               95270          6.72436e-19
               95280          7.15971e-19
               95290          7.64469e-19
               95300          8.18738e-19
               95310          8.79767e-19
               95320          9.48778e-19
               95330          1.02731e-18
               95340          1.11733e-18
               95350          1.22146e-18
               95360          1.34341e-18
               95370          1.48889e-18
               95380          1.66777e-18
               95390          1.89904e-18
               95400          2.22198e-18
               95410          2.71992e-18
               95420          3.56779e-18
               95430          5.11983e-18
               95440          8.05707e-18
               95450          1.36094e-17
               95460          2.38449e-17
               95470          4.19713e-17
               95480          7.25261e-17
               95490          1.21255e-16
               95500          1.94453e-16
               95510          2.97602e-16
               95520          4.33383e-16
               95530          5.99443e-16
               95540          7.86666e-16
               95550          9.78817e-16
               95560          1.15424e-15
               95570           1.2896e-15
               95580          1.36494e-15
               95590          1.36847e-15
               95600          1.29964e-15
               95610          1.16924e-15
               95620          9.96654e-16
               95630          8.05104e-16
               95640          6.16606e-16
               95650          4.48016e-16
               95660          3.09146e-16
               95670          2.02934e-16
               95680          1.27087e-16
               95690           7.6293e-17
               95700          4.42668e-17
               95710          2.51711e-17
               95720          1.43408e-17
               95730          8.44635e-18
               95740          5.32326e-18
               95750          3.67497e-18
               95760          2.77882e-18
               95770          2.25686e-18
               95780          1.92163e-18
               95790          1.68359e-18
               95800          1.50056e-18
               95810          1.35224e-18
               95820          1.22816e-18
               95830          1.12234e-18
               95840          1.03092e-18
               95850          9.51218e-19
               95860          8.81197e-19
               95870           8.1929e-19
               95880          7.64249e-19
               95890          7.15065e-19
               95900          6.70913e-19
               95910          6.31115e-19
               95920          5.95103e-19
               95930          5.62403e-19
               95940          5.32613e-19
               95950          5.05391e-19
               95960          4.80447e-19
               95970          4.57529e-19
               95980           4.3642e-19
               95990          4.16932e-19
               96000          3.98902e-19
               96010          3.82185e-19
               96020          3.66657e-19
               96030          3.52205e-19
               96040          3.38732e-19
               96050           3.2615e-19
               96060          3.14382e-19
               96070          3.03359e-19
               96080          2.93018e-19
               96090          2.83305e-19
               96100          2.74168e-19
               96110          2.65564e-19
               96120          2.57452e-19
               96130          2.49793e-19
               96140          2.42557e-19
               96150          2.35711e-19
               96160          2.29228e-19
               96170          2.23084e-19
               96180          2.17254e-19
               96190          2.11719e-19
               96200          2.06458e-19
               96210          2.01454e-19
               96220           1.9669e-19
               96230          1.92153e-19
               96240          1.87827e-19
               96250            1.837e-19
               96260           1.7976e-19
               96270          1.75997e-19
               96280            1.724e-19
               96290          1.68959e-19
               96300          1.65667e-19
               96310          1.62514e-19
               96320          1.59494e-19
               96330            1.566e-19
               96340          1.53824e-19
               96350          1.51162e-19
               96360          1.48606e-19
               96370          1.46152e-19
               96380          1.43795e-19
               96390           1.4153e-19
               96400          1.39353e-19
               96410           1.3726e-19
               96420          1.35247e-19
               96430          1.33309e-19
               96440          1.31445e-19
               96450          1.29651e-19
               96460          1.27923e-19
               96470          1.26259e-19
               96480          1.24656e-19
               96490          1.23113e-19
               96500          1.21625e-19
               96510          1.20193e-19
               96520          1.18812e-19
               96530          1.17481e-19
               96540          1.16199e-19
               96550          1.14964e-19
               96560          1.13774e-19
               96570          1.12627e-19
               96580          1.11523e-19
               96590          1.10459e-19
               96600          1.09435e-19
               96610          1.08448e-19
               96620          1.07499e-19
               96630          1.06586e-19
               96640          1.05709e-19
               96650          1.04865e-19
               96660          1.04054e-19
               96670          1.03276e-19
               96680           1.0253e-19
               96690          1.01815e-19
               96700           1.0113e-19
               96710          1.00474e-19
               96720          9.98483e-20
               96730          9.92509e-20
               96740          9.86818e-20
               96750          9.81405e-20
               96760          9.76266e-20
               96770          9.71399e-20
               96780            9.668e-20
               96790          9.62467e-20
               96800          9.58399e-20
               96810          9.54594e-20
               96820           9.5105e-20
               96830          9.47767e-20
               96840          9.44746e-20
               96850          9.41986e-20
               96860          9.39487e-20
               96870          9.37252e-20
               96880          9.35282e-20
               96890          9.33579e-20
               96900          9.32146e-20
               96910          9.30986e-20
               96920          9.30102e-20
               96930            9.295e-20
               96940          9.29183e-20
               96950          9.29158e-20
               96960          9.29431e-20
               96970          9.30009e-20
               96980            9.309e-20
               96990          9.32111e-20
               97000          9.33652e-20
               97010          9.35534e-20
               97020          9.37768e-20
               97030          9.40365e-20
               97040          9.43339e-20
               97050          9.46705e-20
               97060          9.50478e-20
               97070          9.54676e-20
               97080          9.59317e-20
               97090          9.64421e-20
               97100          9.70011e-20
               97110           9.7611e-20
               97120          9.82745e-20
               97130          9.89944e-20
               97140          9.97737e-20
               97150          1.00616e-19
               97160          1.01525e-19
               97170          1.02504e-19
               97180          1.03558e-19
               97190          1.04692e-19
               97200          1.05911e-19
               97210           1.0722e-19
               97220          1.08627e-19
               97230          1.10137e-19
               97240          1.11759e-19
               97250          1.13501e-19
               97260          1.15373e-19
               97270          1.17384e-19
               97280          1.19547e-19
               97290          1.21873e-19
               97300          1.24377e-19
               97310          1.27075e-19
               97320          1.29985e-19
               97330          1.33127e-19
               97340          1.36522e-19
               97350          1.40197e-19
               97360           1.4418e-19
               97370          1.48503e-19
               97380          1.53204e-19
               97390          1.58326e-19
               97400          1.63917e-19
               97410          1.70035e-19
               97420          1.76743e-19
               97430           1.8412e-19
               97440          1.92255e-19
               97450          2.01253e-19
               97460          2.11241e-19
               97470          2.22368e-19
               97480          2.34817e-19
               97490          2.48807e-19
               97500          2.64609e-19
               97510          2.82564e-19
               97520          3.03104e-19
               97530          3.26806e-19
               97540          3.54488e-19
               97550          3.87452e-19
               97560          4.28072e-19
               97570           4.8124e-19
               97580          5.57816e-19
               97590          6.82372e-19
               97600          9.09484e-19
               97610          1.35536e-18
               97620          2.25412e-18
               97630          4.04799e-18
               97640          7.51476e-18
               97650          1.39189e-17
               97660          2.51427e-17
               97670           4.3717e-17
               97680          7.26406e-17
               97690          1.14886e-16
               97700          1.72558e-16
               97710          2.45827e-16
               97720          3.31906e-16
               97730           4.2451e-16
               97740          5.14189e-16
               97750          5.89714e-16
               97760          6.40317e-16
               97770          6.58201e-16
               97780          6.40508e-16
               97790          5.90066e-16
               97800           5.1465e-16
               97810          4.25017e-16
               97820            3.324e-16
               97830          2.46266e-16
               97840          1.72916e-16
               97850          1.15156e-16
               97860          7.28309e-17
               97870          4.38421e-17
               97880          2.52194e-17
               97890          1.39627e-17
               97900          7.53786e-18
               97910           4.0588e-18
               97920           2.2581e-18
               97930          1.35571e-18
               97940          9.07947e-19
               97950          6.79849e-19
               97960          5.54735e-19
               97970            4.778e-19
               97980          4.24361e-19
               97990          3.83509e-19
               98000          3.50332e-19
               98010          3.22449e-19
               98020          2.98553e-19
               98030          2.77824e-19
               98040          2.59685e-19
               98050          2.43702e-19
               98060          2.29535e-19
               98070          2.16914e-19
               98080          2.05618e-19
               98090          1.95464e-19
               98100          1.86304e-19
               98110           1.7801e-19
               98120          1.70479e-19
               98130           1.6362e-19
               98140          1.57356e-19
               98150          1.51622e-19
               98160          1.46363e-19
               98170          1.41529e-19
               98180          1.37077e-19
               98190          1.32972e-19
               98200          1.29181e-19
               98210          1.25675e-19
               98220          1.22429e-19
               98230          1.19423e-19
               98240          1.16635e-19
               98250           1.1405e-19
               98260          1.11651e-19
               98270          1.09426e-19
               98280          1.07361e-19
               98290          1.05447e-19
               98300          1.03675e-19
               98310          1.02034e-19
               98320          1.00519e-19
               98330          9.91219e-20
               98340          9.78378e-20
               98350          9.66612e-20
               98360           9.5588e-20
               98370          9.46143e-20
               98380           9.3737e-20
               98390          9.29536e-20
               98400           9.2262e-20
               98410          9.16609e-20
               98420          9.11493e-20
               98430          9.07267e-20
               98440          9.03935e-20
               98450          9.01502e-20
               98460          8.99983e-20
               98470          8.99395e-20
               98480          8.99765e-20
               98490          9.01126e-20
               98500          9.03519e-20
               98510          9.06992e-20
               98520          9.11606e-20
               98530          9.17429e-20
               98540          9.24544e-20
               98550          9.33048e-20
               98560          9.43053e-20
               98570           9.5469e-20
               98580          9.68115e-20
               98590          9.83507e-20
               98600          1.00108e-19
               98610          1.02108e-19
               98620           1.0438e-19
               98630          1.06959e-19
               98640          1.09888e-19
               98650          1.13216e-19
               98660          1.17003e-19
               98670          1.21325e-19
               98680          1.26273e-19
               98690          1.31963e-19
               98700          1.38545e-19
               98710          1.46226e-19
               98720          1.55322e-19
               98730          1.66392e-19
               98740          1.80591e-19
               98750          2.00555e-19
               98760          2.32535e-19
               98770          2.91217e-19
               98780          4.09822e-19
               98790          6.59626e-19
               98800          1.18437e-18
               98810           2.2548e-18
               98820           4.3444e-18
               98830          8.21682e-18
               98840          1.49974e-17
               98850          2.61793e-17
               98860          4.34998e-17
               98870          6.86304e-17
               98880          1.02671e-16
               98890          1.45529e-16
               98900          1.95352e-16
               98910          2.48277e-16
               98920          2.98697e-16
               98930          3.40139e-16
               98940          3.66594e-16
               98950          3.73942e-16
               98960          3.61001e-16
               98970          3.29842e-16
               98980          2.85241e-16
               98990          2.33485e-16
               99000          1.80926e-16
               99010          1.32745e-16
               99020          9.22459e-17
               99030           6.0746e-17
               99040          3.79421e-17
               99050           2.2514e-17
               99060          1.27291e-17
               99070          6.89563e-18
               99080          3.61758e-18
               99090          1.87512e-18
               99100          9.94202e-19
               99110          5.66587e-19
               99120          3.63756e-19
               99130           2.6675e-19
               99140          2.17633e-19
               99150          1.89828e-19
               99160          1.71732e-19
               99170          1.58437e-19
               99180          1.47866e-19
               99190          1.39089e-19
               99200          1.31638e-19
               99210          1.25238e-19
               99220          1.19705e-19
               99230          1.14901e-19
               99240          1.10722e-19
               99250          1.07084e-19
               99260          1.03921e-19
               99270           1.0118e-19
               99280          9.88195e-20
               99290          9.68051e-20
               99300           9.5111e-20
               99310          9.37175e-20
               99320          9.26109e-20
               99330          9.17828e-20
               99340            9.123e-20
               99350          9.09549e-20
               99360          9.09653e-20
               99370          9.12755e-20
               99380          9.19071e-20
               99390          9.28909e-20
               99400          9.42698e-20
               99410          9.61055e-20
               99420          9.84935e-20
               99430          1.01605e-19
               99440          1.05797e-19
               99450          1.11912e-19
               99460          1.22021e-19
               99470          1.41212e-19
               99480          1.81525e-19
               99490           2.7003e-19
               99500          4.64005e-19
               99510          8.76832e-19
               99520          1.71742e-18
               99530          3.34213e-18
               99540          6.30965e-18
               99550          1.14166e-17
               99560          1.96783e-17
               99570          3.22126e-17
               99580          4.99988e-17
               99590           7.3522e-17
               99600          1.02374e-16
               99610          1.34945e-16
               99620          1.68363e-16
               99630          1.98798e-16
               99640          2.22141e-16
               99650          2.34899e-16
               99660          2.35051e-16
               99670          2.22572e-16
               99680          1.99441e-16
               99690          1.69125e-16
               99700          1.35731e-16
               99710          1.03102e-16
               99720          7.41392e-17
               99730           5.0482e-17
               99740          3.25639e-17
               99750          1.99163e-17
               99760          1.15671e-17
               99770           6.3983e-18
               99780          3.39053e-18
               99790          1.74147e-18
               99800          8.87148e-19
               99810          4.67075e-19
               99820          2.69523e-19
               99830          1.79388e-19
               99840          1.38437e-19
               99850          1.19117e-19
               99860          1.09171e-19
               99870          1.03442e-19
               99880          9.98696e-20
               99890          9.77184e-20
               99900          9.69138e-20
               99910          9.80206e-20
               99920          1.02824e-19
               99930           1.1591e-19
               99940          1.48148e-19
               99950          2.23657e-19
               99960          3.92489e-19
               99970          7.51472e-19
               99980          1.47449e-18
               99990          2.84981e-18
              100000          5.31508e-18
              100010          9.47137e-18
              100020          1.60494e-17
              100030          2.58006e-17
              100040          3.93022e-17
              100050          5.66952e-17
              100060          7.74226e-17
              100070          1.00068e-16
              100080            1.224e-16
              100090          1.41675e-16
              100100          1.55173e-16
              100110          1.60818e-16
              100120          1.57707e-16
              100130          1.46341e-16
              100140          1.28495e-16
              100150          1.06764e-16
              100160          8.39477e-17
              100170          6.24714e-17
              100180          4.40062e-17
              100190          2.93515e-17
              100200          1.85463e-17
              100210          1.11127e-17
              100220          6.32688e-18
              100230          3.43795e-18
              100240           1.8033e-18
              100250          9.43991e-19
              100260          5.46284e-19
              100270          4.38671e-19
              100280          5.67788e-19
              100290          9.86225e-19
              100300          1.85522e-18
              100310            3.456e-18
              100320          6.19519e-18
              100330          1.05833e-17
              100340          1.71646e-17
              100350          2.63859e-17
              100360          3.84134e-17
              100370          5.29407e-17
              100380          6.90548e-17
              100390          8.52396e-17
              100400          9.95636e-17
              100410           1.1004e-16
              100420          1.15077e-16
              100430          1.13868e-16
              100440           1.0661e-16
              100450           9.4446e-17
              100460          7.91747e-17
              100470           6.2816e-17
              100480          4.71869e-17
              100490           3.3605e-17
              100500          2.27837e-17
              100510          1.49033e-17
              100520          9.79491e-18
              100530          7.15701e-18
              100540          6.73383e-18
              100550           8.4155e-18
              100560          1.22432e-17
              100570          1.83245e-17
              100580          2.66837e-17
              100590          3.70884e-17
              100600          4.89104e-17
              100610          6.10844e-17
              100620          7.22055e-17
              100630          8.07689e-17
              100640          8.54962e-17
              100650          8.56506e-17
              100660          8.12366e-17
              100670           7.3014e-17
              100680          6.23255e-17
              100690          5.08022e-17
              100700          4.00467e-17
              100710           3.1385e-17
              100720          2.57293e-17
              100730          2.35438e-17
              100740          2.48669e-17
              100750          2.93469e-17
              100760          3.62708e-17
              100770          4.46051e-17
              100780          5.30849e-17
              100790          6.03784e-17
              100800          6.53186e-17
              100810          6.71513e-17
              100820           6.5723e-17
              100830          6.15367e-17
              100840          5.56471e-17
              100850          4.94149e-17
              100860          4.41885e-17
              100870          4.09977e-17
              100880          4.03356e-17
              100890          4.20779e-17
              100900          4.55507e-17
              100910          4.97306e-17
              100920          5.35228e-17
              100930          5.60513e-17
              100940          5.68781e-17
              100950          5.60898e-17
              100960          5.42241e-17
              100970          5.20603e-17
              100980          5.03481e-17
              100990          4.95706e-17
              101000          4.98212e-17
              101010          5.08331e-17
              101020          5.21334e-17
              101030          5.32523e-17
              101040          5.38974e-17
              101050          5.40282e-17
              101060          5.38153e-17
              101070          5.35211e-17
              101080          5.33669e-17
              101090          5.34501e-17
              101100          5.37374e-17
              101110          5.41195e-17
              101120          5.44864e-17
              101130          5.47792e-17
              101140          5.50006e-17
              101150          5.51909e-17
              101160          5.53929e-17
              101170          5.56291e-17
              101180          5.58989e-17
              101190          5.61891e-17
              101200          5.64869e-17
              101210          5.67853e-17
              101220          5.70819e-17
              101230          5.73719e-17
              101240          5.76408e-17
              101250          5.78592e-17
              101260          5.79761e-17
              101270          5.79149e-17
              101280          5.75693e-17
              101290          5.68054e-17
              101300          5.54718e-17
              101310          5.34216e-17
              101320          5.05424e-17
              101330          4.67908e-17
              101340          4.22204e-17
              101350          3.69941e-17
              101360          3.13754e-17
              101370          2.57007e-17
              101380          2.03513e-17
              101390          1.57573e-17
              101400          1.24906e-17
              101410          1.15381e-17
              101420          1.48895e-17
              101430          2.66262e-17
              101440          5.47064e-17
              101450          1.13545e-16
              101460           2.2718e-16
              101470          4.32236e-16
              101480          7.79103e-16
              101490          1.32909e-15
              101500          2.14524e-15
              101510          3.27588e-15
              101520          4.73263e-15
              101530          6.46839e-15
              101540          8.36389e-15
              101550          1.02315e-14
              101560          1.18409e-14
              101570          1.29643e-14
              101580          1.34287e-14
              101590          1.31593e-14
              101600          1.21997e-14
              101610          1.07001e-14
              101620          8.87851e-15
              101630          6.96965e-15
              101640          5.17607e-15
              101650          3.63669e-15
              101660          2.41731e-15
              101670          1.52011e-15
              101680          9.04357e-16
              101690           5.0901e-16
              101700          2.71044e-16
              101710          1.36551e-16
              101720          6.50903e-17
              101730          2.93616e-17
              101740          1.25392e-17
              101750          5.07583e-18
              101760          1.95413e-18
              101770          7.22619e-19
              101780          2.64222e-19
              101790          1.03163e-19
              101800          4.97128e-20
              101810          3.29337e-20
              101820          2.79276e-20
              101830          2.64844e-20
              101840          2.60583e-20
              101850          2.59066e-20
              101860          2.58253e-20
              101870          2.57616e-20
              101880          2.57026e-20
              101890          2.56452e-20
              101900          2.55889e-20
              101910          2.55333e-20
              101920          2.54786e-20
              101930          2.54245e-20
              101940          2.53712e-20
              101950          2.53186e-20
              101960          2.52667e-20
              101970          2.52154e-20
              101980          2.51647e-20
              101990          2.51146e-20
              102000          2.50651e-20
              102010          2.50161e-20
              102020          2.49677e-20
              102030          2.49198e-20
              102040          2.48724e-20
              102050          2.48256e-20
              102060          2.47792e-20
              102070          2.47332e-20
              102080          2.46877e-20
              102090          2.46427e-20
              102100          2.45981e-20
              102110          2.45539e-20
              102120          2.45101e-20
              102130          2.44667e-20
              102140          2.44237e-20
              102150           2.4381e-20
              102160          2.43388e-20
              102170          2.42969e-20
              102180          2.42553e-20
              102190          2.42141e-20
              102200          2.41732e-20
              102210          2.41326e-20
              102220          2.40924e-20
              102230          2.40525e-20
              102240          2.40128e-20
              102250          2.39735e-20
              102260          2.39345e-20
              102270          2.38957e-20
              102280          2.38572e-20
              102290           2.3819e-20
              102300          2.37811e-20
              102310          2.37434e-20
              102320           2.3706e-20
              102330          2.36688e-20
              102340          2.36319e-20
              102350          2.35953e-20
              102360          2.35588e-20
              102370          2.35226e-20
              102380          2.34867e-20
              102390          2.34509e-20
              102400          2.34154e-20
              102410          2.33801e-20
              102420           2.3345e-20
              102430          2.33102e-20
              102440          2.32755e-20
              102450           2.3241e-20
              102460          2.32068e-20
              102470          2.31727e-20
              102480          2.31389e-20
              102490          2.31052e-20
              102500          2.30717e-20
              102510          2.30384e-20
              102520          2.30053e-20
              102530          2.29723e-20
              102540          2.29396e-20
              102550           2.2907e-20
              102560          2.28746e-20
              102570          2.28423e-20
              102580          2.28102e-20
              102590          2.27783e-20
              102600          2.27465e-20
              102610          2.27149e-20
              102620          2.26835e-20
              102630          2.26522e-20
              102640          2.26211e-20
              102650          2.25901e-20
              102660          2.25593e-20
              102670          2.25286e-20
              102680          2.24981e-20
              102690          2.24677e-20
              102700          2.24374e-20
              102710          2.24073e-20
              102720          2.23773e-20
              102730          2.23475e-20
              102740          2.23178e-20
              102750          2.22882e-20
              102760          2.22588e-20
              102770          2.22295e-20
              102780          2.22003e-20
              102790          2.21713e-20
              102800          2.21423e-20
              102810          2.21135e-20
              102820          2.20849e-20
              102830          2.20563e-20
              102840          2.20279e-20
              102850          2.19995e-20
              102860          2.19713e-20
              102870          2.19433e-20
              102880          2.19153e-20
              102890          2.18874e-20
              102900          2.18597e-20
              102910           2.1832e-20
              102920          2.18045e-20
              102930          2.17771e-20
              102940          2.17498e-20
              102950          2.17226e-20
              102960          2.16955e-20
              102970          2.16685e-20
              102980          2.16416e-20
              102990          2.16148e-20
              103000          2.15881e-20
              103010          2.15615e-20
              103020          2.15351e-20
              103030          2.15087e-20
              103040          2.14824e-20
              103050          2.14562e-20
              103060          2.14301e-20
              103070          2.14041e-20
              103080          2.13782e-20
              103090          2.13523e-20
              103100          2.13266e-20
              103110           2.1301e-20
              103120          2.12754e-20
              103130            2.125e-20
              103140          2.12246e-20
              103150          2.11993e-20
              103160          2.11741e-20
              103170           2.1149e-20
              103180           2.1124e-20
              103190          2.10991e-20
              103200          2.10742e-20
              103210          2.10495e-20
              103220          2.10248e-20
              103230          2.10002e-20
              103240          2.09757e-20
              103250          2.09512e-20
              103260          2.09269e-20
              103270          2.09026e-20
              103280          2.08784e-20
              103290          2.08542e-20
              103300          2.08302e-20
              103310          2.08062e-20
              103320          2.07823e-20
              103330          2.07585e-20
              103340          2.07348e-20
              103350          2.07111e-20
              103360          2.06875e-20
              103370           2.0664e-20
              103380          2.06405e-20
              103390          2.06172e-20
              103400          2.05939e-20
              103410          2.05706e-20
              103420          2.05475e-20
              103430          2.05244e-20
              103440          2.05013e-20
              103450          2.04784e-20
              103460          2.04555e-20
              103470          2.04327e-20
              103480          2.04099e-20
              103490          2.03872e-20
              103500          2.03646e-20
              103510          2.03421e-20
              103520          2.03196e-20
              103530          2.02972e-20
              103540          2.02748e-20
              103550          2.02525e-20
              103560          2.02303e-20
              103570          2.02081e-20
              103580           2.0186e-20
              103590           2.0164e-20
              103600           2.0142e-20
              103610          2.01201e-20
              103620          2.00982e-20
              103630          2.00764e-20
              103640          2.00547e-20
              103650           2.0033e-20
              103660          2.00114e-20
              103670          1.99899e-20
              103680          1.99684e-20
              103690          1.99469e-20
              103700          1.99256e-20
              103710          1.99042e-20
              103720           1.9883e-20
              103730          1.98618e-20
              103740          1.98406e-20
              103750          1.98195e-20
              103760          1.97985e-20
              103770          1.97775e-20
              103780          1.97566e-20
              103790          1.97357e-20
              103800          1.97149e-20
              103810          1.96941e-20
              103820          1.96734e-20
              103830          1.96528e-20
              103840          1.96322e-20
              103850          1.96116e-20
              103860          1.95911e-20
              103870          1.95707e-20
              103880          1.95503e-20
              103890          1.95299e-20
              103900          1.95097e-20
              103910          1.94894e-20
              103920          1.94692e-20
              103930          1.94491e-20
              103940           1.9429e-20
              103950           1.9409e-20
              103960           1.9389e-20
              103970          1.93691e-20
              103980          1.93492e-20
              103990          1.93293e-20
              104000          1.93095e-20
              104010          1.92898e-20
              104020          1.92701e-20
              104030          1.92505e-20
              104040          1.92309e-20
              104050          1.92113e-20
              104060          1.91918e-20
              104070          1.91724e-20
              104080           1.9153e-20
              104090          1.91336e-20
              104100          1.91143e-20
              104110           1.9095e-20
              104120          1.90758e-20
              104130          1.90566e-20
              104140          1.90375e-20
              104150          1.90184e-20
              104160          1.89993e-20
              104170          1.89803e-20
              104180          1.89614e-20
              104190          1.89424e-20
              104200          1.89236e-20
              104210          1.89047e-20
              104220           1.8886e-20
              104230          1.88672e-20
              104240          1.88485e-20
              104250          1.88299e-20
              104260          1.88113e-20
              104270          1.87927e-20
              104280          1.87742e-20
              104290          1.87557e-20
              104300          1.87372e-20
              104310          1.87188e-20
              104320          1.87005e-20
              104330          1.86821e-20
              104340          1.86639e-20
              104350          1.86456e-20
              104360          1.86274e-20
              104370          1.86093e-20
              104380          1.85911e-20
              104390          1.85731e-20
              104400           1.8555e-20
              104410           1.8537e-20
              104420          1.85191e-20
              104430          1.85011e-20
              104440          1.84833e-20
              104450          1.84654e-20
              104460          1.84476e-20
              104470          1.84298e-20
              104480          1.84121e-20
              104490          1.83944e-20
              104500          1.83768e-20
              104510          1.83591e-20
              104520          1.83416e-20
              104530           1.8324e-20
              104540          1.83065e-20
              104550           1.8289e-20
              104560          1.82716e-20
              104570          1.82542e-20
              104580          1.82369e-20
              104590          1.82195e-20
              104600          1.82023e-20
              104610           1.8185e-20
              104620          1.81678e-20
              104630          1.81506e-20
              104640          1.81335e-20
              104650          1.81164e-20
              104660          1.80993e-20
              104670          1.80823e-20
              104680          1.80653e-20
              104690          1.80483e-20
              104700          1.80314e-20
              104710          1.80145e-20
              104720          1.79976e-20
              104730          1.79808e-20
              104740           1.7964e-20
              104750          1.79472e-20
              104760          1.79305e-20
              104770          1.79138e-20
              104780          1.78971e-20
              104790          1.78805e-20
              104800          1.78639e-20
              104810          1.78474e-20
              104820          1.78308e-20
              104830          1.78143e-20
              104840          1.77979e-20
              104850          1.77814e-20
              104860           1.7765e-20
              104870          1.77487e-20
              104880          1.77323e-20
              104890           1.7716e-20
              104900          1.76998e-20
              104910          1.76835e-20
              104920          1.76673e-20
              104930          1.76512e-20
              104940           1.7635e-20
              104950          1.76189e-20
              104960          1.76028e-20
              104970          1.75868e-20
              104980          1.75708e-20
              104990          1.75548e-20
              105000          1.75388e-20
